$date
	Mon Sep 28 17:52:09 2026
$end
$version
	Icarus Verilog
$end
$timescale
	1ps
$end
$scope module mp2_tb $end
$scope module u0 $end
$var wire 8 ! red_duty [7:0] $end
$upscope $end
$upscope $end
$scope module mp2_tb $end
$scope module u0 $end
$var wire 8 " green_duty [7:0] $end
$upscope $end
$upscope $end
$scope module mp2_tb $end
$scope module u0 $end
$var wire 8 # blue_duty [7:0] $end
$upscope $end
$upscope $end
$enddefinitions $end
$comment Show the parameter values. $end
$dumpall
$end
#0
$dumpvars
b0 #
b0 "
b11111010 !
$end
#666630333
b1 "
b11111010 !
#1333302333
b10 "
b11111010 !
#1999974333
b11 "
b11111010 !
#2666646333
b100 "
b11111010 !
#3333318333
b101 "
b11111010 !
#3999990333
b110 "
b11111010 !
#4666662333
b111 "
b11111010 !
#5333334333
b1000 "
b11111010 !
#6000006333
b1001 "
b11111010 !
#6666678333
b1010 "
b11111010 !
#7333350333
b1011 "
b11111010 !
#8000022333
b1100 "
b11111010 !
#8666694333
b1101 "
b11111010 !
#9333366333
b1110 "
b11111010 !
#10000038333
b1111 "
b11111010 !
#10666710333
b10000 "
b11111010 !
#11333382333
b10001 "
b11111010 !
#12000054333
b10010 "
b11111010 !
#12666726333
b10011 "
b11111010 !
#13333398333
b10100 "
b11111010 !
#14000070333
b10101 "
b11111010 !
#14666742333
b10110 "
b11111010 !
#15333414333
b10111 "
b11111010 !
#16000086333
b11000 "
b11111010 !
#16666758333
b11001 "
b11111010 !
#17333430333
b11010 "
b11111010 !
#18000102333
b11011 "
b11111010 !
#18666774333
b11100 "
b11111010 !
#19333446333
b11101 "
b11111010 !
#20000118333
b11110 "
b11111010 !
#20666790333
b11111 "
b11111010 !
#21333462333
b100000 "
b11111010 !
#22000134333
b100001 "
b11111010 !
#22666806333
b100010 "
b11111010 !
#23333478333
b100011 "
b11111010 !
#24000150333
b100100 "
b11111010 !
#24666822333
b100101 "
b11111010 !
#25333494333
b100110 "
b11111010 !
#26000166333
b100111 "
b11111010 !
#26666838333
b101000 "
b11111010 !
#27333510333
b101001 "
b11111010 !
#28000182333
b101010 "
b11111010 !
#28666854333
b101011 "
b11111010 !
#29333526333
b101100 "
b11111010 !
#30000198333
b101101 "
b11111010 !
#30666870333
b101110 "
b11111010 !
#31333542333
b101111 "
b11111010 !
#32000214333
b110000 "
b11111010 !
#32666886333
b110001 "
b11111010 !
#33333558333
b110010 "
b11111010 !
#34000230333
b110011 "
b11111010 !
#34666902333
b110100 "
b11111010 !
#35333574333
b110101 "
b11111010 !
#36000246333
b110110 "
b11111010 !
#36666918333
b110111 "
b11111010 !
#37333590333
b111000 "
b11111010 !
#38000262333
b111001 "
b11111010 !
#38666934333
b111010 "
b11111010 !
#39333606333
b111011 "
b11111010 !
#40000278333
b111100 "
b11111010 !
#40666950333
b111101 "
b11111010 !
#41333622333
b111110 "
b11111010 !
#42000294333
b111111 "
b11111010 !
#42666966333
b1000000 "
b11111010 !
#43333638333
b1000001 "
b11111010 !
#44000310333
b1000010 "
b11111010 !
#44666982333
b1000011 "
b11111010 !
#45333654333
b1000100 "
b11111010 !
#46000326333
b1000101 "
b11111010 !
#46666998333
b1000110 "
b11111010 !
#47333670333
b1000111 "
b11111010 !
#48000342333
b1001000 "
b11111010 !
#48667014333
b1001001 "
b11111010 !
#49333686333
b1001010 "
b11111010 !
#50000358333
b1001011 "
b11111010 !
#50667030333
b1001100 "
b11111010 !
#51333702333
b1001101 "
b11111010 !
#52000374333
b1001110 "
b11111010 !
#52667046333
b1001111 "
b11111010 !
#53333718333
b1010000 "
b11111010 !
#54000390333
b1010001 "
b11111010 !
#54667062333
b1010010 "
b11111010 !
#55333734333
b1010011 "
b11111010 !
#56000406333
b1010100 "
b11111010 !
#56667078333
b1010101 "
b11111010 !
#57333750333
b1010110 "
b11111010 !
#58000422333
b1010111 "
b11111010 !
#58667094333
b1011000 "
b11111010 !
#59333766333
b1011001 "
b11111010 !
#60000438333
b1011010 "
b11111010 !
#60667110333
b1011011 "
b11111010 !
#61333782333
b1011100 "
b11111010 !
#62000454333
b1011101 "
b11111010 !
#62667126333
b1011110 "
b11111010 !
#63333798333
b1011111 "
b11111010 !
#64000470333
b1100000 "
b11111010 !
#64667142333
b1100001 "
b11111010 !
#65333814333
b1100010 "
b11111010 !
#66000486333
b1100011 "
b11111010 !
#66667158333
b1100100 "
b11111010 !
#67333830333
b1100101 "
b11111010 !
#68000502333
b1100110 "
b11111010 !
#68667174333
b1100111 "
b11111010 !
#69333846333
b1101000 "
b11111010 !
#70000518333
b1101001 "
b11111010 !
#70667190333
b1101010 "
b11111010 !
#71333862333
b1101011 "
b11111010 !
#72000534333
b1101100 "
b11111010 !
#72667206333
b1101101 "
b11111010 !
#73333878333
b1101110 "
b11111010 !
#74000550333
b1101111 "
b11111010 !
#74667222333
b1110000 "
b11111010 !
#75333894333
b1110001 "
b11111010 !
#76000566333
b1110010 "
b11111010 !
#76667238333
b1110011 "
b11111010 !
#77333910333
b1110100 "
b11111010 !
#78000582333
b1110101 "
b11111010 !
#78667254333
b1110110 "
b11111010 !
#79333926333
b1110111 "
b11111010 !
#80000598333
b1111000 "
b11111010 !
#80667270333
b1111001 "
b11111010 !
#81333942333
b1111010 "
b11111010 !
#82000614333
b1111011 "
b11111010 !
#82667286333
b1111100 "
b11111010 !
#83333958333
b1111101 "
b11111010 !
#84000630333
b1111110 "
b11111010 !
#84667302333
b1111111 "
b11111010 !
#85333974333
b10000000 "
b11111010 !
#86000646333
b10000001 "
b11111010 !
#86667318333
b10000010 "
b11111010 !
#87333990333
b10000011 "
b11111010 !
#88000662333
b10000100 "
b11111010 !
#88667334333
b10000101 "
b11111010 !
#89334006333
b10000110 "
b11111010 !
#90000678333
b10000111 "
b11111010 !
#90667350333
b10001000 "
b11111010 !
#91334022333
b10001001 "
b11111010 !
#92000694333
b10001010 "
b11111010 !
#92667366333
b10001011 "
b11111010 !
#93334038333
b10001100 "
b11111010 !
#94000710333
b10001101 "
b11111010 !
#94667382333
b10001110 "
b11111010 !
#95334054333
b10001111 "
b11111010 !
#96000726333
b10010000 "
b11111010 !
#96667398333
b10010001 "
b11111010 !
#97334070333
b10010010 "
b11111010 !
#98000742333
b10010011 "
b11111010 !
#98667414333
b10010100 "
b11111010 !
#99334086333
b10010101 "
b11111010 !
#100000758333
b10010110 "
b11111010 !
#100667430333
b10010111 "
b11111010 !
#101334102333
b10011000 "
b11111010 !
#102000774333
b10011001 "
b11111010 !
#102667446333
b10011010 "
b11111010 !
#103334118333
b10011011 "
b11111010 !
#104000790333
b10011100 "
b11111010 !
#104667462333
b10011101 "
b11111010 !
#105334134333
b10011110 "
b11111010 !
#106000806333
b10011111 "
b11111010 !
#106667478333
b10100000 "
b11111010 !
#107334150333
b10100001 "
b11111010 !
#108000822333
b10100010 "
b11111010 !
#108667494333
b10100011 "
b11111010 !
#109334166333
b10100100 "
b11111010 !
#110000838333
b10100101 "
b11111010 !
#110667510333
b10100110 "
b11111010 !
#111334182333
b10100111 "
b11111010 !
#112000854333
b10101000 "
b11111010 !
#112667526333
b10101001 "
b11111010 !
#113334198333
b10101010 "
b11111010 !
#114000870333
b10101011 "
b11111010 !
#114667542333
b10101100 "
b11111010 !
#115334214333
b10101101 "
b11111010 !
#116000886333
b10101110 "
b11111010 !
#116667558333
b10101111 "
b11111010 !
#117334230333
b10110000 "
b11111010 !
#118000902333
b10110001 "
b11111010 !
#118667574333
b10110010 "
b11111010 !
#119334246333
b10110011 "
b11111010 !
#120000918333
b10110100 "
b11111010 !
#120667590333
b10110101 "
b11111010 !
#121334262333
b10110110 "
b11111010 !
#122000934333
b10110111 "
b11111010 !
#122667606333
b10111000 "
b11111010 !
#123334278333
b10111001 "
b11111010 !
#124000950333
b10111010 "
b11111010 !
#124667622333
b10111011 "
b11111010 !
#125334294333
b10111100 "
b11111010 !
#126000966333
b10111101 "
b11111010 !
#126667638333
b10111110 "
b11111010 !
#127334310333
b10111111 "
b11111010 !
#128000982333
b11000000 "
b11111010 !
#128667654333
b11000001 "
b11111010 !
#129334326333
b11000010 "
b11111010 !
#130000998333
b11000011 "
b11111010 !
#130667670333
b11000100 "
b11111010 !
#131334342333
b11000101 "
b11111010 !
#132001014333
b11000110 "
b11111010 !
#132667686333
b11000111 "
b11111010 !
#133334358333
b11001000 "
b11111010 !
#134001030333
b11001001 "
b11111010 !
#134667702333
b11001010 "
b11111010 !
#135334374333
b11001011 "
b11111010 !
#136001046333
b11001100 "
b11111010 !
#136667718333
b11001101 "
b11111010 !
#137334390333
b11001110 "
b11111010 !
#138001062333
b11001111 "
b11111010 !
#138667734333
b11010000 "
b11111010 !
#139334406333
b11010001 "
b11111010 !
#140001078333
b11010010 "
b11111010 !
#140667750333
b11010011 "
b11111010 !
#141334422333
b11010100 "
b11111010 !
#142001094333
b11010101 "
b11111010 !
#142667766333
b11010110 "
b11111010 !
#143334438333
b11010111 "
b11111010 !
#144001110333
b11011000 "
b11111010 !
#144667782333
b11011001 "
b11111010 !
#145334454333
b11011010 "
b11111010 !
#146001126333
b11011011 "
b11111010 !
#146667798333
b11011100 "
b11111010 !
#147334470333
b11011101 "
b11111010 !
#148001142333
b11011110 "
b11111010 !
#148667814333
b11011111 "
b11111010 !
#149334486333
b11100000 "
b11111010 !
#150001158333
b11100001 "
b11111010 !
#150667830333
b11100010 "
b11111010 !
#151334502333
b11100011 "
b11111010 !
#152001174333
b11100100 "
b11111010 !
#152667846333
b11100101 "
b11111010 !
#153334518333
b11100110 "
b11111010 !
#154001190333
b11100111 "
b11111010 !
#154667862333
b11101000 "
b11111010 !
#155334534333
b11101001 "
b11111010 !
#156001206333
b11101010 "
b11111010 !
#156667878333
b11101011 "
b11111010 !
#157334550333
b11101100 "
b11111010 !
#158001222333
b11101101 "
b11111010 !
#158667894333
b11101110 "
b11111010 !
#159334566333
b11101111 "
b11111010 !
#160001238333
b11110000 "
b11111010 !
#160667910333
b11110001 "
b11111010 !
#161334582333
b11110010 "
b11111010 !
#162001254333
b11110011 "
b11111010 !
#162667926333
b11110100 "
b11111010 !
#163334598333
b11110101 "
b11111010 !
#164001270333
b11110110 "
b11111010 !
#164667942333
b11110111 "
b11111010 !
#165334614333
b11111000 "
b11111010 !
#166001286333
b11111001 "
b11111010 !
#166667958333
b11111010 "
b11111010 !
#167334630333
b11111010 "
b11111001 !
#168001302333
b11111010 "
b11111000 !
#168667974333
b11111010 "
b11110111 !
#169334646333
b11111010 "
b11110110 !
#170001318333
b11111010 "
b11110101 !
#170667990333
b11111010 "
b11110100 !
#171334662333
b11111010 "
b11110011 !
#172001334333
b11111010 "
b11110010 !
#172668006333
b11111010 "
b11110001 !
#173334678333
b11111010 "
b11110000 !
#174001350333
b11111010 "
b11101111 !
#174668022333
b11111010 "
b11101110 !
#175334694333
b11111010 "
b11101101 !
#176001366333
b11111010 "
b11101100 !
#176668038333
b11111010 "
b11101011 !
#177334710333
b11111010 "
b11101010 !
#178001382333
b11111010 "
b11101001 !
#178668054333
b11111010 "
b11101000 !
#179334726333
b11111010 "
b11100111 !
#180001398333
b11111010 "
b11100110 !
#180668070333
b11111010 "
b11100101 !
#181334742333
b11111010 "
b11100100 !
#182001414333
b11111010 "
b11100011 !
#182668086333
b11111010 "
b11100010 !
#183334758333
b11111010 "
b11100001 !
#184001430333
b11111010 "
b11100000 !
#184668102333
b11111010 "
b11011111 !
#185334774333
b11111010 "
b11011110 !
#186001446333
b11111010 "
b11011101 !
#186668118333
b11111010 "
b11011100 !
#187334790333
b11111010 "
b11011011 !
#188001462333
b11111010 "
b11011010 !
#188668134333
b11111010 "
b11011001 !
#189334806333
b11111010 "
b11011000 !
#190001478333
b11111010 "
b11010111 !
#190668150333
b11111010 "
b11010110 !
#191334822333
b11111010 "
b11010101 !
#192001494333
b11111010 "
b11010100 !
#192668166333
b11111010 "
b11010011 !
#193334838333
b11111010 "
b11010010 !
#194001510333
b11111010 "
b11010001 !
#194668182333
b11111010 "
b11010000 !
#195334854333
b11111010 "
b11001111 !
#196001526333
b11111010 "
b11001110 !
#196668198333
b11111010 "
b11001101 !
#197334870333
b11111010 "
b11001100 !
#198001542333
b11111010 "
b11001011 !
#198668214333
b11111010 "
b11001010 !
#199334886333
b11111010 "
b11001001 !
#200001558333
b11111010 "
b11001000 !
#200668230333
b11111010 "
b11000111 !
#201334902333
b11111010 "
b11000110 !
#202001574333
b11111010 "
b11000101 !
#202668246333
b11111010 "
b11000100 !
#203334918333
b11111010 "
b11000011 !
#204001590333
b11111010 "
b11000010 !
#204668262333
b11111010 "
b11000001 !
#205334934333
b11111010 "
b11000000 !
#206001606333
b11111010 "
b10111111 !
#206668278333
b11111010 "
b10111110 !
#207334950333
b11111010 "
b10111101 !
#208001622333
b11111010 "
b10111100 !
#208668294333
b11111010 "
b10111011 !
#209334966333
b11111010 "
b10111010 !
#210001638333
b11111010 "
b10111001 !
#210668310333
b11111010 "
b10111000 !
#211334982333
b11111010 "
b10110111 !
#212001654333
b11111010 "
b10110110 !
#212668326333
b11111010 "
b10110101 !
#213334998333
b11111010 "
b10110100 !
#214001670333
b11111010 "
b10110011 !
#214668342333
b11111010 "
b10110010 !
#215335014333
b11111010 "
b10110001 !
#216001686333
b11111010 "
b10110000 !
#216668358333
b11111010 "
b10101111 !
#217335030333
b11111010 "
b10101110 !
#218001702333
b11111010 "
b10101101 !
#218668374333
b11111010 "
b10101100 !
#219335046333
b11111010 "
b10101011 !
#220001718333
b11111010 "
b10101010 !
#220668390333
b11111010 "
b10101001 !
#221335062333
b11111010 "
b10101000 !
#222001734333
b11111010 "
b10100111 !
#222668406333
b11111010 "
b10100110 !
#223335078333
b11111010 "
b10100101 !
#224001750333
b11111010 "
b10100100 !
#224668422333
b11111010 "
b10100011 !
#225335094333
b11111010 "
b10100010 !
#226001766333
b11111010 "
b10100001 !
#226668438333
b11111010 "
b10100000 !
#227335110333
b11111010 "
b10011111 !
#228001782333
b11111010 "
b10011110 !
#228668454333
b11111010 "
b10011101 !
#229335126333
b11111010 "
b10011100 !
#230001798333
b11111010 "
b10011011 !
#230668470333
b11111010 "
b10011010 !
#231335142333
b11111010 "
b10011001 !
#232001814333
b11111010 "
b10011000 !
#232668486333
b11111010 "
b10010111 !
#233335158333
b11111010 "
b10010110 !
#234001830333
b11111010 "
b10010101 !
#234668502333
b11111010 "
b10010100 !
#235335174333
b11111010 "
b10010011 !
#236001846333
b11111010 "
b10010010 !
#236668518333
b11111010 "
b10010001 !
#237335190333
b11111010 "
b10010000 !
#238001862333
b11111010 "
b10001111 !
#238668534333
b11111010 "
b10001110 !
#239335206333
b11111010 "
b10001101 !
#240001878333
b11111010 "
b10001100 !
#240668550333
b11111010 "
b10001011 !
#241335222333
b11111010 "
b10001010 !
#242001894333
b11111010 "
b10001001 !
#242668566333
b11111010 "
b10001000 !
#243335238333
b11111010 "
b10000111 !
#244001910333
b11111010 "
b10000110 !
#244668582333
b11111010 "
b10000101 !
#245335254333
b11111010 "
b10000100 !
#246001926333
b11111010 "
b10000011 !
#246668598333
b11111010 "
b10000010 !
#247335270333
b11111010 "
b10000001 !
#248001942333
b11111010 "
b10000000 !
#248668614333
b11111010 "
b1111111 !
#249335286333
b11111010 "
b1111110 !
#250001958333
b11111010 "
b1111101 !
#250668630333
b11111010 "
b1111100 !
#251335302333
b11111010 "
b1111011 !
#252001974333
b11111010 "
b1111010 !
#252668646333
b11111010 "
b1111001 !
#253335318333
b11111010 "
b1111000 !
#254001990333
b11111010 "
b1110111 !
#254668662333
b11111010 "
b1110110 !
#255335334333
b11111010 "
b1110101 !
#256002006333
b11111010 "
b1110100 !
#256668678333
b11111010 "
b1110011 !
#257335350333
b11111010 "
b1110010 !
#258002022333
b11111010 "
b1110001 !
#258668694333
b11111010 "
b1110000 !
#259335366333
b11111010 "
b1101111 !
#260002038333
b11111010 "
b1101110 !
#260668710333
b11111010 "
b1101101 !
#261335382333
b11111010 "
b1101100 !
#262002054333
b11111010 "
b1101011 !
#262668726333
b11111010 "
b1101010 !
#263335398333
b11111010 "
b1101001 !
#264002070333
b11111010 "
b1101000 !
#264668742333
b11111010 "
b1100111 !
#265335414333
b11111010 "
b1100110 !
#266002086333
b11111010 "
b1100101 !
#266668758333
b11111010 "
b1100100 !
#267335430333
b11111010 "
b1100011 !
#268002102333
b11111010 "
b1100010 !
#268668774333
b11111010 "
b1100001 !
#269335446333
b11111010 "
b1100000 !
#270002118333
b11111010 "
b1011111 !
#270668790333
b11111010 "
b1011110 !
#271335462333
b11111010 "
b1011101 !
#272002134333
b11111010 "
b1011100 !
#272668806333
b11111010 "
b1011011 !
#273335478333
b11111010 "
b1011010 !
#274002150333
b11111010 "
b1011001 !
#274668822333
b11111010 "
b1011000 !
#275335494333
b11111010 "
b1010111 !
#276002166333
b11111010 "
b1010110 !
#276668838333
b11111010 "
b1010101 !
#277335510333
b11111010 "
b1010100 !
#278002182333
b11111010 "
b1010011 !
#278668854333
b11111010 "
b1010010 !
#279335526333
b11111010 "
b1010001 !
#280002198333
b11111010 "
b1010000 !
#280668870333
b11111010 "
b1001111 !
#281335542333
b11111010 "
b1001110 !
#282002214333
b11111010 "
b1001101 !
#282668886333
b11111010 "
b1001100 !
#283335558333
b11111010 "
b1001011 !
#284002230333
b11111010 "
b1001010 !
#284668902333
b11111010 "
b1001001 !
#285335574333
b11111010 "
b1001000 !
#286002246333
b11111010 "
b1000111 !
#286668918333
b11111010 "
b1000110 !
#287335590333
b11111010 "
b1000101 !
#288002262333
b11111010 "
b1000100 !
#288668934333
b11111010 "
b1000011 !
#289335606333
b11111010 "
b1000010 !
#290002278333
b11111010 "
b1000001 !
#290668950333
b11111010 "
b1000000 !
#291335622333
b11111010 "
b111111 !
#292002294333
b11111010 "
b111110 !
#292668966333
b11111010 "
b111101 !
#293335638333
b11111010 "
b111100 !
#294002310333
b11111010 "
b111011 !
#294668982333
b11111010 "
b111010 !
#295335654333
b11111010 "
b111001 !
#296002326333
b11111010 "
b111000 !
#296668998333
b11111010 "
b110111 !
#297335670333
b11111010 "
b110110 !
#298002342333
b11111010 "
b110101 !
#298669014333
b11111010 "
b110100 !
#299335686333
b11111010 "
b110011 !
#300002358333
b11111010 "
b110010 !
#300669030333
b11111010 "
b110001 !
#301335702333
b11111010 "
b110000 !
#302002374333
b11111010 "
b101111 !
#302669046333
b11111010 "
b101110 !
#303335718333
b11111010 "
b101101 !
#304002390333
b11111010 "
b101100 !
#304669062333
b11111010 "
b101011 !
#305335734333
b11111010 "
b101010 !
#306002406333
b11111010 "
b101001 !
#306669078333
b11111010 "
b101000 !
#307335750333
b11111010 "
b100111 !
#308002422333
b11111010 "
b100110 !
#308669094333
b11111010 "
b100101 !
#309335766333
b11111010 "
b100100 !
#310002438333
b11111010 "
b100011 !
#310669110333
b11111010 "
b100010 !
#311335782333
b11111010 "
b100001 !
#312002454333
b11111010 "
b100000 !
#312669126333
b11111010 "
b11111 !
#313335798333
b11111010 "
b11110 !
#314002470333
b11111010 "
b11101 !
#314669142333
b11111010 "
b11100 !
#315335814333
b11111010 "
b11011 !
#316002486333
b11111010 "
b11010 !
#316669158333
b11111010 "
b11001 !
#317335830333
b11111010 "
b11000 !
#318002502333
b11111010 "
b10111 !
#318669174333
b11111010 "
b10110 !
#319335846333
b11111010 "
b10101 !
#320002518333
b11111010 "
b10100 !
#320669190333
b11111010 "
b10011 !
#321335862333
b11111010 "
b10010 !
#322002534333
b11111010 "
b10001 !
#322669206333
b11111010 "
b10000 !
#323335878333
b11111010 "
b1111 !
#324002550333
b11111010 "
b1110 !
#324669222333
b11111010 "
b1101 !
#325335894333
b11111010 "
b1100 !
#326002566333
b11111010 "
b1011 !
#326669238333
b11111010 "
b1010 !
#327335910333
b11111010 "
b1001 !
#328002582333
b11111010 "
b1000 !
#328669254333
b11111010 "
b111 !
#329335926333
b11111010 "
b110 !
#330002598333
b11111010 "
b101 !
#330669270333
b11111010 "
b100 !
#331335942333
b11111010 "
b11 !
#332002614333
b11111010 "
b10 !
#332669286333
b11111010 "
b1 !
#333335958333
b11111010 "
b0 !
#334002630333
b1 #
b11111010 "
#334669302333
b10 #
b11111010 "
#335335974333
b11 #
b11111010 "
#336002646333
b100 #
b11111010 "
#336669318333
b101 #
b11111010 "
#337335990333
b110 #
b11111010 "
#338002662333
b111 #
b11111010 "
#338669334333
b1000 #
b11111010 "
#339336006333
b1001 #
b11111010 "
#340002678333
b1010 #
b11111010 "
#340669350333
b1011 #
b11111010 "
#341336022333
b1100 #
b11111010 "
#342002694333
b1101 #
b11111010 "
#342669366333
b1110 #
b11111010 "
#343336038333
b1111 #
b11111010 "
#344002710333
b10000 #
b11111010 "
#344669382333
b10001 #
b11111010 "
#345336054333
b10010 #
b11111010 "
#346002726333
b10011 #
b11111010 "
#346669398333
b10100 #
b11111010 "
#347336070333
b10101 #
b11111010 "
#348002742333
b10110 #
b11111010 "
#348669414333
b10111 #
b11111010 "
#349336086333
b11000 #
b11111010 "
#350002758333
b11001 #
b11111010 "
#350669430333
b11010 #
b11111010 "
#351336102333
b11011 #
b11111010 "
#352002774333
b11100 #
b11111010 "
#352669446333
b11101 #
b11111010 "
#353336118333
b11110 #
b11111010 "
#354002790333
b11111 #
b11111010 "
#354669462333
b100000 #
b11111010 "
#355336134333
b100001 #
b11111010 "
#356002806333
b100010 #
b11111010 "
#356669478333
b100011 #
b11111010 "
#357336150333
b100100 #
b11111010 "
#358002822333
b100101 #
b11111010 "
#358669494333
b100110 #
b11111010 "
#359336166333
b100111 #
b11111010 "
#360002838333
b101000 #
b11111010 "
#360669510333
b101001 #
b11111010 "
#361336182333
b101010 #
b11111010 "
#362002854333
b101011 #
b11111010 "
#362669526333
b101100 #
b11111010 "
#363336198333
b101101 #
b11111010 "
#364002870333
b101110 #
b11111010 "
#364669542333
b101111 #
b11111010 "
#365336214333
b110000 #
b11111010 "
#366002886333
b110001 #
b11111010 "
#366669558333
b110010 #
b11111010 "
#367336230333
b110011 #
b11111010 "
#368002902333
b110100 #
b11111010 "
#368669574333
b110101 #
b11111010 "
#369336246333
b110110 #
b11111010 "
#370002918333
b110111 #
b11111010 "
#370669590333
b111000 #
b11111010 "
#371336262333
b111001 #
b11111010 "
#372002934333
b111010 #
b11111010 "
#372669606333
b111011 #
b11111010 "
#373336278333
b111100 #
b11111010 "
#374002950333
b111101 #
b11111010 "
#374669622333
b111110 #
b11111010 "
#375336294333
b111111 #
b11111010 "
#376002966333
b1000000 #
b11111010 "
#376669638333
b1000001 #
b11111010 "
#377336310333
b1000010 #
b11111010 "
#378002982333
b1000011 #
b11111010 "
#378669654333
b1000100 #
b11111010 "
#379336326333
b1000101 #
b11111010 "
#380002998333
b1000110 #
b11111010 "
#380669670333
b1000111 #
b11111010 "
#381336342333
b1001000 #
b11111010 "
#382003014333
b1001001 #
b11111010 "
#382669686333
b1001010 #
b11111010 "
#383336358333
b1001011 #
b11111010 "
#384003030333
b1001100 #
b11111010 "
#384669702333
b1001101 #
b11111010 "
#385336374333
b1001110 #
b11111010 "
#386003046333
b1001111 #
b11111010 "
#386669718333
b1010000 #
b11111010 "
#387336390333
b1010001 #
b11111010 "
#388003062333
b1010010 #
b11111010 "
#388669734333
b1010011 #
b11111010 "
#389336406333
b1010100 #
b11111010 "
#390003078333
b1010101 #
b11111010 "
#390669750333
b1010110 #
b11111010 "
#391336422333
b1010111 #
b11111010 "
#392003094333
b1011000 #
b11111010 "
#392669766333
b1011001 #
b11111010 "
#393336438333
b1011010 #
b11111010 "
#394003110333
b1011011 #
b11111010 "
#394669782333
b1011100 #
b11111010 "
#395336454333
b1011101 #
b11111010 "
#396003126333
b1011110 #
b11111010 "
#396669798333
b1011111 #
b11111010 "
#397336470333
b1100000 #
b11111010 "
#398003142333
b1100001 #
b11111010 "
#398669814333
b1100010 #
b11111010 "
#399336486333
b1100011 #
b11111010 "
#400003158333
b1100100 #
b11111010 "
#400669830333
b1100101 #
b11111010 "
#401336502333
b1100110 #
b11111010 "
#402003174333
b1100111 #
b11111010 "
#402669846333
b1101000 #
b11111010 "
#403336518333
b1101001 #
b11111010 "
#404003190333
b1101010 #
b11111010 "
#404669862333
b1101011 #
b11111010 "
#405336534333
b1101100 #
b11111010 "
#406003206333
b1101101 #
b11111010 "
#406669878333
b1101110 #
b11111010 "
#407336550333
b1101111 #
b11111010 "
#408003222333
b1110000 #
b11111010 "
#408669894333
b1110001 #
b11111010 "
#409336566333
b1110010 #
b11111010 "
#410003238333
b1110011 #
b11111010 "
#410669910333
b1110100 #
b11111010 "
#411336582333
b1110101 #
b11111010 "
#412003254333
b1110110 #
b11111010 "
#412669926333
b1110111 #
b11111010 "
#413336598333
b1111000 #
b11111010 "
#414003270333
b1111001 #
b11111010 "
#414669942333
b1111010 #
b11111010 "
#415336614333
b1111011 #
b11111010 "
#416003286333
b1111100 #
b11111010 "
#416669958333
b1111101 #
b11111010 "
#417336630333
b1111110 #
b11111010 "
#418003302333
b1111111 #
b11111010 "
#418669974333
b10000000 #
b11111010 "
#419336646333
b10000001 #
b11111010 "
#420003318333
b10000010 #
b11111010 "
#420669990333
b10000011 #
b11111010 "
#421336662333
b10000100 #
b11111010 "
#422003334333
b10000101 #
b11111010 "
#422670006333
b10000110 #
b11111010 "
#423336678333
b10000111 #
b11111010 "
#424003350333
b10001000 #
b11111010 "
#424670022333
b10001001 #
b11111010 "
#425336694333
b10001010 #
b11111010 "
#426003366333
b10001011 #
b11111010 "
#426670038333
b10001100 #
b11111010 "
#427336710333
b10001101 #
b11111010 "
#428003382333
b10001110 #
b11111010 "
#428670054333
b10001111 #
b11111010 "
#429336726333
b10010000 #
b11111010 "
#430003398333
b10010001 #
b11111010 "
#430670070333
b10010010 #
b11111010 "
#431336742333
b10010011 #
b11111010 "
#432003414333
b10010100 #
b11111010 "
#432670086333
b10010101 #
b11111010 "
#433336758333
b10010110 #
b11111010 "
#434003430333
b10010111 #
b11111010 "
#434670102333
b10011000 #
b11111010 "
#435336774333
b10011001 #
b11111010 "
#436003446333
b10011010 #
b11111010 "
#436670118333
b10011011 #
b11111010 "
#437336790333
b10011100 #
b11111010 "
#438003462333
b10011101 #
b11111010 "
#438670134333
b10011110 #
b11111010 "
#439336806333
b10011111 #
b11111010 "
#440003478333
b10100000 #
b11111010 "
#440670150333
b10100001 #
b11111010 "
#441336822333
b10100010 #
b11111010 "
#442003494333
b10100011 #
b11111010 "
#442670166333
b10100100 #
b11111010 "
#443336838333
b10100101 #
b11111010 "
#444003510333
b10100110 #
b11111010 "
#444670182333
b10100111 #
b11111010 "
#445336854333
b10101000 #
b11111010 "
#446003526333
b10101001 #
b11111010 "
#446670198333
b10101010 #
b11111010 "
#447336870333
b10101011 #
b11111010 "
#448003542333
b10101100 #
b11111010 "
#448670214333
b10101101 #
b11111010 "
#449336886333
b10101110 #
b11111010 "
#450003558333
b10101111 #
b11111010 "
#450670230333
b10110000 #
b11111010 "
#451336902333
b10110001 #
b11111010 "
#452003574333
b10110010 #
b11111010 "
#452670246333
b10110011 #
b11111010 "
#453336918333
b10110100 #
b11111010 "
#454003590333
b10110101 #
b11111010 "
#454670262333
b10110110 #
b11111010 "
#455336934333
b10110111 #
b11111010 "
#456003606333
b10111000 #
b11111010 "
#456670278333
b10111001 #
b11111010 "
#457336950333
b10111010 #
b11111010 "
#458003622333
b10111011 #
b11111010 "
#458670294333
b10111100 #
b11111010 "
#459336966333
b10111101 #
b11111010 "
#460003638333
b10111110 #
b11111010 "
#460670310333
b10111111 #
b11111010 "
#461336982333
b11000000 #
b11111010 "
#462003654333
b11000001 #
b11111010 "
#462670326333
b11000010 #
b11111010 "
#463336998333
b11000011 #
b11111010 "
#464003670333
b11000100 #
b11111010 "
#464670342333
b11000101 #
b11111010 "
#465337014333
b11000110 #
b11111010 "
#466003686333
b11000111 #
b11111010 "
#466670358333
b11001000 #
b11111010 "
#467337030333
b11001001 #
b11111010 "
#468003702333
b11001010 #
b11111010 "
#468670374333
b11001011 #
b11111010 "
#469337046333
b11001100 #
b11111010 "
#470003718333
b11001101 #
b11111010 "
#470670390333
b11001110 #
b11111010 "
#471337062333
b11001111 #
b11111010 "
#472003734333
b11010000 #
b11111010 "
#472670406333
b11010001 #
b11111010 "
#473337078333
b11010010 #
b11111010 "
#474003750333
b11010011 #
b11111010 "
#474670422333
b11010100 #
b11111010 "
#475337094333
b11010101 #
b11111010 "
#476003766333
b11010110 #
b11111010 "
#476670438333
b11010111 #
b11111010 "
#477337110333
b11011000 #
b11111010 "
#478003782333
b11011001 #
b11111010 "
#478670454333
b11011010 #
b11111010 "
#479337126333
b11011011 #
b11111010 "
#480003798333
b11011100 #
b11111010 "
#480670470333
b11011101 #
b11111010 "
#481337142333
b11011110 #
b11111010 "
#482003814333
b11011111 #
b11111010 "
#482670486333
b11100000 #
b11111010 "
#483337158333
b11100001 #
b11111010 "
#484003830333
b11100010 #
b11111010 "
#484670502333
b11100011 #
b11111010 "
#485337174333
b11100100 #
b11111010 "
#486003846333
b11100101 #
b11111010 "
#486670518333
b11100110 #
b11111010 "
#487337190333
b11100111 #
b11111010 "
#488003862333
b11101000 #
b11111010 "
#488670534333
b11101001 #
b11111010 "
#489337206333
b11101010 #
b11111010 "
#490003878333
b11101011 #
b11111010 "
#490670550333
b11101100 #
b11111010 "
#491337222333
b11101101 #
b11111010 "
#492003894333
b11101110 #
b11111010 "
#492670566333
b11101111 #
b11111010 "
#493337238333
b11110000 #
b11111010 "
#494003910333
b11110001 #
b11111010 "
#494670582333
b11110010 #
b11111010 "
#495337254333
b11110011 #
b11111010 "
#496003926333
b11110100 #
b11111010 "
#496670598333
b11110101 #
b11111010 "
#497337270333
b11110110 #
b11111010 "
#498003942333
b11110111 #
b11111010 "
#498670614333
b11111000 #
b11111010 "
#499337286333
b11111001 #
b11111010 "
#500003958333
b11111010 #
b11111010 "
#500670630333
b11111010 #
b11111001 "
#501337302333
b11111010 #
b11111000 "
#502003974333
b11111010 #
b11110111 "
#502670646333
b11111010 #
b11110110 "
#503337318333
b11111010 #
b11110101 "
#504003990333
b11111010 #
b11110100 "
#504670662333
b11111010 #
b11110011 "
#505337334333
b11111010 #
b11110010 "
#506004006333
b11111010 #
b11110001 "
#506670678333
b11111010 #
b11110000 "
#507337350333
b11111010 #
b11101111 "
#508004022333
b11111010 #
b11101110 "
#508670694333
b11111010 #
b11101101 "
#509337366333
b11111010 #
b11101100 "
#510004038333
b11111010 #
b11101011 "
#510670710333
b11111010 #
b11101010 "
#511337382333
b11111010 #
b11101001 "
#512004054333
b11111010 #
b11101000 "
#512670726333
b11111010 #
b11100111 "
#513337398333
b11111010 #
b11100110 "
#514004070333
b11111010 #
b11100101 "
#514670742333
b11111010 #
b11100100 "
#515337414333
b11111010 #
b11100011 "
#516004086333
b11111010 #
b11100010 "
#516670758333
b11111010 #
b11100001 "
#517337430333
b11111010 #
b11100000 "
#518004102333
b11111010 #
b11011111 "
#518670774333
b11111010 #
b11011110 "
#519337446333
b11111010 #
b11011101 "
#520004118333
b11111010 #
b11011100 "
#520670790333
b11111010 #
b11011011 "
#521337462333
b11111010 #
b11011010 "
#522004134333
b11111010 #
b11011001 "
#522670806333
b11111010 #
b11011000 "
#523337478333
b11111010 #
b11010111 "
#524004150333
b11111010 #
b11010110 "
#524670822333
b11111010 #
b11010101 "
#525337494333
b11111010 #
b11010100 "
#526004166333
b11111010 #
b11010011 "
#526670838333
b11111010 #
b11010010 "
#527337510333
b11111010 #
b11010001 "
#528004182333
b11111010 #
b11010000 "
#528670854333
b11111010 #
b11001111 "
#529337526333
b11111010 #
b11001110 "
#530004198333
b11111010 #
b11001101 "
#530670870333
b11111010 #
b11001100 "
#531337542333
b11111010 #
b11001011 "
#532004214333
b11111010 #
b11001010 "
#532670886333
b11111010 #
b11001001 "
#533337558333
b11111010 #
b11001000 "
#534004230333
b11111010 #
b11000111 "
#534670902333
b11111010 #
b11000110 "
#535337574333
b11111010 #
b11000101 "
#536004246333
b11111010 #
b11000100 "
#536670918333
b11111010 #
b11000011 "
#537337590333
b11111010 #
b11000010 "
#538004262333
b11111010 #
b11000001 "
#538670934333
b11111010 #
b11000000 "
#539337606333
b11111010 #
b10111111 "
#540004278333
b11111010 #
b10111110 "
#540670950333
b11111010 #
b10111101 "
#541337622333
b11111010 #
b10111100 "
#542004294333
b11111010 #
b10111011 "
#542670966333
b11111010 #
b10111010 "
#543337638333
b11111010 #
b10111001 "
#544004310333
b11111010 #
b10111000 "
#544670982333
b11111010 #
b10110111 "
#545337654333
b11111010 #
b10110110 "
#546004326333
b11111010 #
b10110101 "
#546670998333
b11111010 #
b10110100 "
#547337670333
b11111010 #
b10110011 "
#548004342333
b11111010 #
b10110010 "
#548671014333
b11111010 #
b10110001 "
#549337686333
b11111010 #
b10110000 "
#550004358333
b11111010 #
b10101111 "
#550671030333
b11111010 #
b10101110 "
#551337702333
b11111010 #
b10101101 "
#552004374333
b11111010 #
b10101100 "
#552671046333
b11111010 #
b10101011 "
#553337718333
b11111010 #
b10101010 "
#554004390333
b11111010 #
b10101001 "
#554671062333
b11111010 #
b10101000 "
#555337734333
b11111010 #
b10100111 "
#556004406333
b11111010 #
b10100110 "
#556671078333
b11111010 #
b10100101 "
#557337750333
b11111010 #
b10100100 "
#558004422333
b11111010 #
b10100011 "
#558671094333
b11111010 #
b10100010 "
#559337766333
b11111010 #
b10100001 "
#560004438333
b11111010 #
b10100000 "
#560671110333
b11111010 #
b10011111 "
#561337782333
b11111010 #
b10011110 "
#562004454333
b11111010 #
b10011101 "
#562671126333
b11111010 #
b10011100 "
#563337798333
b11111010 #
b10011011 "
#564004470333
b11111010 #
b10011010 "
#564671142333
b11111010 #
b10011001 "
#565337814333
b11111010 #
b10011000 "
#566004486333
b11111010 #
b10010111 "
#566671158333
b11111010 #
b10010110 "
#567337830333
b11111010 #
b10010101 "
#568004502333
b11111010 #
b10010100 "
#568671174333
b11111010 #
b10010011 "
#569337846333
b11111010 #
b10010010 "
#570004518333
b11111010 #
b10010001 "
#570671190333
b11111010 #
b10010000 "
#571337862333
b11111010 #
b10001111 "
#572004534333
b11111010 #
b10001110 "
#572671206333
b11111010 #
b10001101 "
#573337878333
b11111010 #
b10001100 "
#574004550333
b11111010 #
b10001011 "
#574671222333
b11111010 #
b10001010 "
#575337894333
b11111010 #
b10001001 "
#576004566333
b11111010 #
b10001000 "
#576671238333
b11111010 #
b10000111 "
#577337910333
b11111010 #
b10000110 "
#578004582333
b11111010 #
b10000101 "
#578671254333
b11111010 #
b10000100 "
#579337926333
b11111010 #
b10000011 "
#580004598333
b11111010 #
b10000010 "
#580671270333
b11111010 #
b10000001 "
#581337942333
b11111010 #
b10000000 "
#582004614333
b11111010 #
b1111111 "
#582671286333
b11111010 #
b1111110 "
#583337958333
b11111010 #
b1111101 "
#584004630333
b11111010 #
b1111100 "
#584671302333
b11111010 #
b1111011 "
#585337974333
b11111010 #
b1111010 "
#586004646333
b11111010 #
b1111001 "
#586671318333
b11111010 #
b1111000 "
#587337990333
b11111010 #
b1110111 "
#588004662333
b11111010 #
b1110110 "
#588671334333
b11111010 #
b1110101 "
#589338006333
b11111010 #
b1110100 "
#590004678333
b11111010 #
b1110011 "
#590671350333
b11111010 #
b1110010 "
#591338022333
b11111010 #
b1110001 "
#592004694333
b11111010 #
b1110000 "
#592671366333
b11111010 #
b1101111 "
#593338038333
b11111010 #
b1101110 "
#594004710333
b11111010 #
b1101101 "
#594671382333
b11111010 #
b1101100 "
#595338054333
b11111010 #
b1101011 "
#596004726333
b11111010 #
b1101010 "
#596671398333
b11111010 #
b1101001 "
#597338070333
b11111010 #
b1101000 "
#598004742333
b11111010 #
b1100111 "
#598671414333
b11111010 #
b1100110 "
#599338086333
b11111010 #
b1100101 "
#600004758333
b11111010 #
b1100100 "
#600671430333
b11111010 #
b1100011 "
#601338102333
b11111010 #
b1100010 "
#602004774333
b11111010 #
b1100001 "
#602671446333
b11111010 #
b1100000 "
#603338118333
b11111010 #
b1011111 "
#604004790333
b11111010 #
b1011110 "
#604671462333
b11111010 #
b1011101 "
#605338134333
b11111010 #
b1011100 "
#606004806333
b11111010 #
b1011011 "
#606671478333
b11111010 #
b1011010 "
#607338150333
b11111010 #
b1011001 "
#608004822333
b11111010 #
b1011000 "
#608671494333
b11111010 #
b1010111 "
#609338166333
b11111010 #
b1010110 "
#610004838333
b11111010 #
b1010101 "
#610671510333
b11111010 #
b1010100 "
#611338182333
b11111010 #
b1010011 "
#612004854333
b11111010 #
b1010010 "
#612671526333
b11111010 #
b1010001 "
#613338198333
b11111010 #
b1010000 "
#614004870333
b11111010 #
b1001111 "
#614671542333
b11111010 #
b1001110 "
#615338214333
b11111010 #
b1001101 "
#616004886333
b11111010 #
b1001100 "
#616671558333
b11111010 #
b1001011 "
#617338230333
b11111010 #
b1001010 "
#618004902333
b11111010 #
b1001001 "
#618671574333
b11111010 #
b1001000 "
#619338246333
b11111010 #
b1000111 "
#620004918333
b11111010 #
b1000110 "
#620671590333
b11111010 #
b1000101 "
#621338262333
b11111010 #
b1000100 "
#622004934333
b11111010 #
b1000011 "
#622671606333
b11111010 #
b1000010 "
#623338278333
b11111010 #
b1000001 "
#624004950333
b11111010 #
b1000000 "
#624671622333
b11111010 #
b111111 "
#625338294333
b11111010 #
b111110 "
#626004966333
b11111010 #
b111101 "
#626671638333
b11111010 #
b111100 "
#627338310333
b11111010 #
b111011 "
#628004982333
b11111010 #
b111010 "
#628671654333
b11111010 #
b111001 "
#629338326333
b11111010 #
b111000 "
#630004998333
b11111010 #
b110111 "
#630671670333
b11111010 #
b110110 "
#631338342333
b11111010 #
b110101 "
#632005014333
b11111010 #
b110100 "
#632671686333
b11111010 #
b110011 "
#633338358333
b11111010 #
b110010 "
#634005030333
b11111010 #
b110001 "
#634671702333
b11111010 #
b110000 "
#635338374333
b11111010 #
b101111 "
#636005046333
b11111010 #
b101110 "
#636671718333
b11111010 #
b101101 "
#637338390333
b11111010 #
b101100 "
#638005062333
b11111010 #
b101011 "
#638671734333
b11111010 #
b101010 "
#639338406333
b11111010 #
b101001 "
#640005078333
b11111010 #
b101000 "
#640671750333
b11111010 #
b100111 "
#641338422333
b11111010 #
b100110 "
#642005094333
b11111010 #
b100101 "
#642671766333
b11111010 #
b100100 "
#643338438333
b11111010 #
b100011 "
#644005110333
b11111010 #
b100010 "
#644671782333
b11111010 #
b100001 "
#645338454333
b11111010 #
b100000 "
#646005126333
b11111010 #
b11111 "
#646671798333
b11111010 #
b11110 "
#647338470333
b11111010 #
b11101 "
#648005142333
b11111010 #
b11100 "
#648671814333
b11111010 #
b11011 "
#649338486333
b11111010 #
b11010 "
#650005158333
b11111010 #
b11001 "
#650671830333
b11111010 #
b11000 "
#651338502333
b11111010 #
b10111 "
#652005174333
b11111010 #
b10110 "
#652671846333
b11111010 #
b10101 "
#653338518333
b11111010 #
b10100 "
#654005190333
b11111010 #
b10011 "
#654671862333
b11111010 #
b10010 "
#655338534333
b11111010 #
b10001 "
#656005206333
b11111010 #
b10000 "
#656671878333
b11111010 #
b1111 "
#657338550333
b11111010 #
b1110 "
#658005222333
b11111010 #
b1101 "
#658671894333
b11111010 #
b1100 "
#659338566333
b11111010 #
b1011 "
#660005238333
b11111010 #
b1010 "
#660671910333
b11111010 #
b1001 "
#661338582333
b11111010 #
b1000 "
#662005254333
b11111010 #
b111 "
#662671926333
b11111010 #
b110 "
#663338598333
b11111010 #
b101 "
#664005270333
b11111010 #
b100 "
#664671942333
b11111010 #
b11 "
#665338614333
b11111010 #
b10 "
#666005286333
b11111010 #
b1 "
#666671958333
b11111010 #
b0 "
#667338630333
b1 !
b11111010 #
#668005302333
b11111010 #
b10 !
#668671974333
b11111010 #
b11 !
#669338646333
b11111010 #
b100 !
#670005318333
b11111010 #
b101 !
#670671990333
b11111010 #
b110 !
#671338662333
b11111010 #
b111 !
#672005334333
b11111010 #
b1000 !
#672672006333
b11111010 #
b1001 !
#673338678333
b11111010 #
b1010 !
#674005350333
b11111010 #
b1011 !
#674672022333
b11111010 #
b1100 !
#675338694333
b11111010 #
b1101 !
#676005366333
b11111010 #
b1110 !
#676672038333
b11111010 #
b1111 !
#677338710333
b11111010 #
b10000 !
#678005382333
b11111010 #
b10001 !
#678672054333
b11111010 #
b10010 !
#679338726333
b11111010 #
b10011 !
#680005398333
b11111010 #
b10100 !
#680672070333
b11111010 #
b10101 !
#681338742333
b11111010 #
b10110 !
#682005414333
b11111010 #
b10111 !
#682672086333
b11111010 #
b11000 !
#683338758333
b11111010 #
b11001 !
#684005430333
b11111010 #
b11010 !
#684672102333
b11111010 #
b11011 !
#685338774333
b11111010 #
b11100 !
#686005446333
b11111010 #
b11101 !
#686672118333
b11111010 #
b11110 !
#687338790333
b11111010 #
b11111 !
#688005462333
b11111010 #
b100000 !
#688672134333
b11111010 #
b100001 !
#689338806333
b11111010 #
b100010 !
#690005478333
b11111010 #
b100011 !
#690672150333
b11111010 #
b100100 !
#691338822333
b11111010 #
b100101 !
#692005494333
b11111010 #
b100110 !
#692672166333
b11111010 #
b100111 !
#693338838333
b11111010 #
b101000 !
#694005510333
b11111010 #
b101001 !
#694672182333
b11111010 #
b101010 !
#695338854333
b11111010 #
b101011 !
#696005526333
b11111010 #
b101100 !
#696672198333
b11111010 #
b101101 !
#697338870333
b11111010 #
b101110 !
#698005542333
b11111010 #
b101111 !
#698672214333
b11111010 #
b110000 !
#699338886333
b11111010 #
b110001 !
#700005558333
b11111010 #
b110010 !
#700672230333
b11111010 #
b110011 !
#701338902333
b11111010 #
b110100 !
#702005574333
b11111010 #
b110101 !
#702672246333
b11111010 #
b110110 !
#703338918333
b11111010 #
b110111 !
#704005590333
b11111010 #
b111000 !
#704672262333
b11111010 #
b111001 !
#705338934333
b11111010 #
b111010 !
#706005606333
b11111010 #
b111011 !
#706672278333
b11111010 #
b111100 !
#707338950333
b11111010 #
b111101 !
#708005622333
b11111010 #
b111110 !
#708672294333
b11111010 #
b111111 !
#709338966333
b11111010 #
b1000000 !
#710005638333
b11111010 #
b1000001 !
#710672310333
b11111010 #
b1000010 !
#711338982333
b11111010 #
b1000011 !
#712005654333
b11111010 #
b1000100 !
#712672326333
b11111010 #
b1000101 !
#713338998333
b11111010 #
b1000110 !
#714005670333
b11111010 #
b1000111 !
#714672342333
b11111010 #
b1001000 !
#715339014333
b11111010 #
b1001001 !
#716005686333
b11111010 #
b1001010 !
#716672358333
b11111010 #
b1001011 !
#717339030333
b11111010 #
b1001100 !
#718005702333
b11111010 #
b1001101 !
#718672374333
b11111010 #
b1001110 !
#719339046333
b11111010 #
b1001111 !
#720005718333
b11111010 #
b1010000 !
#720672390333
b11111010 #
b1010001 !
#721339062333
b11111010 #
b1010010 !
#722005734333
b11111010 #
b1010011 !
#722672406333
b11111010 #
b1010100 !
#723339078333
b11111010 #
b1010101 !
#724005750333
b11111010 #
b1010110 !
#724672422333
b11111010 #
b1010111 !
#725339094333
b11111010 #
b1011000 !
#726005766333
b11111010 #
b1011001 !
#726672438333
b11111010 #
b1011010 !
#727339110333
b11111010 #
b1011011 !
#728005782333
b11111010 #
b1011100 !
#728672454333
b11111010 #
b1011101 !
#729339126333
b11111010 #
b1011110 !
#730005798333
b11111010 #
b1011111 !
#730672470333
b11111010 #
b1100000 !
#731339142333
b11111010 #
b1100001 !
#732005814333
b11111010 #
b1100010 !
#732672486333
b11111010 #
b1100011 !
#733339158333
b11111010 #
b1100100 !
#734005830333
b11111010 #
b1100101 !
#734672502333
b11111010 #
b1100110 !
#735339174333
b11111010 #
b1100111 !
#736005846333
b11111010 #
b1101000 !
#736672518333
b11111010 #
b1101001 !
#737339190333
b11111010 #
b1101010 !
#738005862333
b11111010 #
b1101011 !
#738672534333
b11111010 #
b1101100 !
#739339206333
b11111010 #
b1101101 !
#740005878333
b11111010 #
b1101110 !
#740672550333
b11111010 #
b1101111 !
#741339222333
b11111010 #
b1110000 !
#742005894333
b11111010 #
b1110001 !
#742672566333
b11111010 #
b1110010 !
#743339238333
b11111010 #
b1110011 !
#744005910333
b11111010 #
b1110100 !
#744672582333
b11111010 #
b1110101 !
#745339254333
b11111010 #
b1110110 !
#746005926333
b11111010 #
b1110111 !
#746672598333
b11111010 #
b1111000 !
#747339270333
b11111010 #
b1111001 !
#748005942333
b11111010 #
b1111010 !
#748672614333
b11111010 #
b1111011 !
#749339286333
b11111010 #
b1111100 !
#750005958333
b11111010 #
b1111101 !
#750672630333
b11111010 #
b1111110 !
#751339302333
b11111010 #
b1111111 !
#752005974333
b11111010 #
b10000000 !
#752672646333
b11111010 #
b10000001 !
#753339318333
b11111010 #
b10000010 !
#754005990333
b11111010 #
b10000011 !
#754672662333
b11111010 #
b10000100 !
#755339334333
b11111010 #
b10000101 !
#756006006333
b11111010 #
b10000110 !
#756672678333
b11111010 #
b10000111 !
#757339350333
b11111010 #
b10001000 !
#758006022333
b11111010 #
b10001001 !
#758672694333
b11111010 #
b10001010 !
#759339366333
b11111010 #
b10001011 !
#760006038333
b11111010 #
b10001100 !
#760672710333
b11111010 #
b10001101 !
#761339382333
b11111010 #
b10001110 !
#762006054333
b11111010 #
b10001111 !
#762672726333
b11111010 #
b10010000 !
#763339398333
b11111010 #
b10010001 !
#764006070333
b11111010 #
b10010010 !
#764672742333
b11111010 #
b10010011 !
#765339414333
b11111010 #
b10010100 !
#766006086333
b11111010 #
b10010101 !
#766672758333
b11111010 #
b10010110 !
#767339430333
b11111010 #
b10010111 !
#768006102333
b11111010 #
b10011000 !
#768672774333
b11111010 #
b10011001 !
#769339446333
b11111010 #
b10011010 !
#770006118333
b11111010 #
b10011011 !
#770672790333
b11111010 #
b10011100 !
#771339462333
b11111010 #
b10011101 !
#772006134333
b11111010 #
b10011110 !
#772672806333
b11111010 #
b10011111 !
#773339478333
b11111010 #
b10100000 !
#774006150333
b11111010 #
b10100001 !
#774672822333
b11111010 #
b10100010 !
#775339494333
b11111010 #
b10100011 !
#776006166333
b11111010 #
b10100100 !
#776672838333
b11111010 #
b10100101 !
#777339510333
b11111010 #
b10100110 !
#778006182333
b11111010 #
b10100111 !
#778672854333
b11111010 #
b10101000 !
#779339526333
b11111010 #
b10101001 !
#780006198333
b11111010 #
b10101010 !
#780672870333
b11111010 #
b10101011 !
#781339542333
b11111010 #
b10101100 !
#782006214333
b11111010 #
b10101101 !
#782672886333
b11111010 #
b10101110 !
#783339558333
b11111010 #
b10101111 !
#784006230333
b11111010 #
b10110000 !
#784672902333
b11111010 #
b10110001 !
#785339574333
b11111010 #
b10110010 !
#786006246333
b11111010 #
b10110011 !
#786672918333
b11111010 #
b10110100 !
#787339590333
b11111010 #
b10110101 !
#788006262333
b11111010 #
b10110110 !
#788672934333
b11111010 #
b10110111 !
#789339606333
b11111010 #
b10111000 !
#790006278333
b11111010 #
b10111001 !
#790672950333
b11111010 #
b10111010 !
#791339622333
b11111010 #
b10111011 !
#792006294333
b11111010 #
b10111100 !
#792672966333
b11111010 #
b10111101 !
#793339638333
b11111010 #
b10111110 !
#794006310333
b11111010 #
b10111111 !
#794672982333
b11111010 #
b11000000 !
#795339654333
b11111010 #
b11000001 !
#796006326333
b11111010 #
b11000010 !
#796672998333
b11111010 #
b11000011 !
#797339670333
b11111010 #
b11000100 !
#798006342333
b11111010 #
b11000101 !
#798673014333
b11111010 #
b11000110 !
#799339686333
b11111010 #
b11000111 !
#800006358333
b11111010 #
b11001000 !
#800673030333
b11111010 #
b11001001 !
#801339702333
b11111010 #
b11001010 !
#802006374333
b11111010 #
b11001011 !
#802673046333
b11111010 #
b11001100 !
#803339718333
b11111010 #
b11001101 !
#804006390333
b11111010 #
b11001110 !
#804673062333
b11111010 #
b11001111 !
#805339734333
b11111010 #
b11010000 !
#806006406333
b11111010 #
b11010001 !
#806673078333
b11111010 #
b11010010 !
#807339750333
b11111010 #
b11010011 !
#808006422333
b11111010 #
b11010100 !
#808673094333
b11111010 #
b11010101 !
#809339766333
b11111010 #
b11010110 !
#810006438333
b11111010 #
b11010111 !
#810673110333
b11111010 #
b11011000 !
#811339782333
b11111010 #
b11011001 !
#812006454333
b11111010 #
b11011010 !
#812673126333
b11111010 #
b11011011 !
#813339798333
b11111010 #
b11011100 !
#814006470333
b11111010 #
b11011101 !
#814673142333
b11111010 #
b11011110 !
#815339814333
b11111010 #
b11011111 !
#816006486333
b11111010 #
b11100000 !
#816673158333
b11111010 #
b11100001 !
#817339830333
b11111010 #
b11100010 !
#818006502333
b11111010 #
b11100011 !
#818673174333
b11111010 #
b11100100 !
#819339846333
b11111010 #
b11100101 !
#820006518333
b11111010 #
b11100110 !
#820673190333
b11111010 #
b11100111 !
#821339862333
b11111010 #
b11101000 !
#822006534333
b11111010 #
b11101001 !
#822673206333
b11111010 #
b11101010 !
#823339878333
b11111010 #
b11101011 !
#824006550333
b11111010 #
b11101100 !
#824673222333
b11111010 #
b11101101 !
#825339894333
b11111010 #
b11101110 !
#826006566333
b11111010 #
b11101111 !
#826673238333
b11111010 #
b11110000 !
#827339910333
b11111010 #
b11110001 !
#828006582333
b11111010 #
b11110010 !
#828673254333
b11111010 #
b11110011 !
#829339926333
b11111010 #
b11110100 !
#830006598333
b11111010 #
b11110101 !
#830673270333
b11111010 #
b11110110 !
#831339942333
b11111010 #
b11110111 !
#832006614333
b11111010 #
b11111000 !
#832673286333
b11111010 #
b11111001 !
#833339958333
b11111010 #
b11111010 !
#834006630333
b11111001 #
b11111010 !
#834673302333
b11111000 #
b11111010 !
#835339974333
b11110111 #
b11111010 !
#836006646333
b11110110 #
b11111010 !
#836673318333
b11110101 #
b11111010 !
#837339990333
b11110100 #
b11111010 !
#838006662333
b11110011 #
b11111010 !
#838673334333
b11110010 #
b11111010 !
#839340006333
b11110001 #
b11111010 !
#840006678333
b11110000 #
b11111010 !
#840673350333
b11101111 #
b11111010 !
#841340022333
b11101110 #
b11111010 !
#842006694333
b11101101 #
b11111010 !
#842673366333
b11101100 #
b11111010 !
#843340038333
b11101011 #
b11111010 !
#844006710333
b11101010 #
b11111010 !
#844673382333
b11101001 #
b11111010 !
#845340054333
b11101000 #
b11111010 !
#846006726333
b11100111 #
b11111010 !
#846673398333
b11100110 #
b11111010 !
#847340070333
b11100101 #
b11111010 !
#848006742333
b11100100 #
b11111010 !
#848673414333
b11100011 #
b11111010 !
#849340086333
b11100010 #
b11111010 !
#850006758333
b11100001 #
b11111010 !
#850673430333
b11100000 #
b11111010 !
#851340102333
b11011111 #
b11111010 !
#852006774333
b11011110 #
b11111010 !
#852673446333
b11011101 #
b11111010 !
#853340118333
b11011100 #
b11111010 !
#854006790333
b11011011 #
b11111010 !
#854673462333
b11011010 #
b11111010 !
#855340134333
b11011001 #
b11111010 !
#856006806333
b11011000 #
b11111010 !
#856673478333
b11010111 #
b11111010 !
#857340150333
b11010110 #
b11111010 !
#858006822333
b11010101 #
b11111010 !
#858673494333
b11010100 #
b11111010 !
#859340166333
b11010011 #
b11111010 !
#860006838333
b11010010 #
b11111010 !
#860673510333
b11010001 #
b11111010 !
#861340182333
b11010000 #
b11111010 !
#862006854333
b11001111 #
b11111010 !
#862673526333
b11001110 #
b11111010 !
#863340198333
b11001101 #
b11111010 !
#864006870333
b11001100 #
b11111010 !
#864673542333
b11001011 #
b11111010 !
#865340214333
b11001010 #
b11111010 !
#866006886333
b11001001 #
b11111010 !
#866673558333
b11001000 #
b11111010 !
#867340230333
b11000111 #
b11111010 !
#868006902333
b11000110 #
b11111010 !
#868673574333
b11000101 #
b11111010 !
#869340246333
b11000100 #
b11111010 !
#870006918333
b11000011 #
b11111010 !
#870673590333
b11000010 #
b11111010 !
#871340262333
b11000001 #
b11111010 !
#872006934333
b11000000 #
b11111010 !
#872673606333
b10111111 #
b11111010 !
#873340278333
b10111110 #
b11111010 !
#874006950333
b10111101 #
b11111010 !
#874673622333
b10111100 #
b11111010 !
#875340294333
b10111011 #
b11111010 !
#876006966333
b10111010 #
b11111010 !
#876673638333
b10111001 #
b11111010 !
#877340310333
b10111000 #
b11111010 !
#878006982333
b10110111 #
b11111010 !
#878673654333
b10110110 #
b11111010 !
#879340326333
b10110101 #
b11111010 !
#880006998333
b10110100 #
b11111010 !
#880673670333
b10110011 #
b11111010 !
#881340342333
b10110010 #
b11111010 !
#882007014333
b10110001 #
b11111010 !
#882673686333
b10110000 #
b11111010 !
#883340358333
b10101111 #
b11111010 !
#884007030333
b10101110 #
b11111010 !
#884673702333
b10101101 #
b11111010 !
#885340374333
b10101100 #
b11111010 !
#886007046333
b10101011 #
b11111010 !
#886673718333
b10101010 #
b11111010 !
#887340390333
b10101001 #
b11111010 !
#888007062333
b10101000 #
b11111010 !
#888673734333
b10100111 #
b11111010 !
#889340406333
b10100110 #
b11111010 !
#890007078333
b10100101 #
b11111010 !
#890673750333
b10100100 #
b11111010 !
#891340422333
b10100011 #
b11111010 !
#892007094333
b10100010 #
b11111010 !
#892673766333
b10100001 #
b11111010 !
#893340438333
b10100000 #
b11111010 !
#894007110333
b10011111 #
b11111010 !
#894673782333
b10011110 #
b11111010 !
#895340454333
b10011101 #
b11111010 !
#896007126333
b10011100 #
b11111010 !
#896673798333
b10011011 #
b11111010 !
#897340470333
b10011010 #
b11111010 !
#898007142333
b10011001 #
b11111010 !
#898673814333
b10011000 #
b11111010 !
#899340486333
b10010111 #
b11111010 !
#900007158333
b10010110 #
b11111010 !
#900673830333
b10010101 #
b11111010 !
#901340502333
b10010100 #
b11111010 !
#902007174333
b10010011 #
b11111010 !
#902673846333
b10010010 #
b11111010 !
#903340518333
b10010001 #
b11111010 !
#904007190333
b10010000 #
b11111010 !
#904673862333
b10001111 #
b11111010 !
#905340534333
b10001110 #
b11111010 !
#906007206333
b10001101 #
b11111010 !
#906673878333
b10001100 #
b11111010 !
#907340550333
b10001011 #
b11111010 !
#908007222333
b10001010 #
b11111010 !
#908673894333
b10001001 #
b11111010 !
#909340566333
b10001000 #
b11111010 !
#910007238333
b10000111 #
b11111010 !
#910673910333
b10000110 #
b11111010 !
#911340582333
b10000101 #
b11111010 !
#912007254333
b10000100 #
b11111010 !
#912673926333
b10000011 #
b11111010 !
#913340598333
b10000010 #
b11111010 !
#914007270333
b10000001 #
b11111010 !
#914673942333
b10000000 #
b11111010 !
#915340614333
b1111111 #
b11111010 !
#916007286333
b1111110 #
b11111010 !
#916673958333
b1111101 #
b11111010 !
#917340630333
b1111100 #
b11111010 !
#918007302333
b1111011 #
b11111010 !
#918673974333
b1111010 #
b11111010 !
#919340646333
b1111001 #
b11111010 !
#920007318333
b1111000 #
b11111010 !
#920673990333
b1110111 #
b11111010 !
#921340662333
b1110110 #
b11111010 !
#922007334333
b1110101 #
b11111010 !
#922674006333
b1110100 #
b11111010 !
#923340678333
b1110011 #
b11111010 !
#924007350333
b1110010 #
b11111010 !
#924674022333
b1110001 #
b11111010 !
#925340694333
b1110000 #
b11111010 !
#926007366333
b1101111 #
b11111010 !
#926674038333
b1101110 #
b11111010 !
#927340710333
b1101101 #
b11111010 !
#928007382333
b1101100 #
b11111010 !
#928674054333
b1101011 #
b11111010 !
#929340726333
b1101010 #
b11111010 !
#930007398333
b1101001 #
b11111010 !
#930674070333
b1101000 #
b11111010 !
#931340742333
b1100111 #
b11111010 !
#932007414333
b1100110 #
b11111010 !
#932674086333
b1100101 #
b11111010 !
#933340758333
b1100100 #
b11111010 !
#934007430333
b1100011 #
b11111010 !
#934674102333
b1100010 #
b11111010 !
#935340774333
b1100001 #
b11111010 !
#936007446333
b1100000 #
b11111010 !
#936674118333
b1011111 #
b11111010 !
#937340790333
b1011110 #
b11111010 !
#938007462333
b1011101 #
b11111010 !
#938674134333
b1011100 #
b11111010 !
#939340806333
b1011011 #
b11111010 !
#940007478333
b1011010 #
b11111010 !
#940674150333
b1011001 #
b11111010 !
#941340822333
b1011000 #
b11111010 !
#942007494333
b1010111 #
b11111010 !
#942674166333
b1010110 #
b11111010 !
#943340838333
b1010101 #
b11111010 !
#944007510333
b1010100 #
b11111010 !
#944674182333
b1010011 #
b11111010 !
#945340854333
b1010010 #
b11111010 !
#946007526333
b1010001 #
b11111010 !
#946674198333
b1010000 #
b11111010 !
#947340870333
b1001111 #
b11111010 !
#948007542333
b1001110 #
b11111010 !
#948674214333
b1001101 #
b11111010 !
#949340886333
b1001100 #
b11111010 !
#950007558333
b1001011 #
b11111010 !
#950674230333
b1001010 #
b11111010 !
#951340902333
b1001001 #
b11111010 !
#952007574333
b1001000 #
b11111010 !
#952674246333
b1000111 #
b11111010 !
#953340918333
b1000110 #
b11111010 !
#954007590333
b1000101 #
b11111010 !
#954674262333
b1000100 #
b11111010 !
#955340934333
b1000011 #
b11111010 !
#956007606333
b1000010 #
b11111010 !
#956674278333
b1000001 #
b11111010 !
#957340950333
b1000000 #
b11111010 !
#958007622333
b111111 #
b11111010 !
#958674294333
b111110 #
b11111010 !
#959340966333
b111101 #
b11111010 !
#960007638333
b111100 #
b11111010 !
#960674310333
b111011 #
b11111010 !
#961340982333
b111010 #
b11111010 !
#962007654333
b111001 #
b11111010 !
#962674326333
b111000 #
b11111010 !
#963340998333
b110111 #
b11111010 !
#964007670333
b110110 #
b11111010 !
#964674342333
b110101 #
b11111010 !
#965341014333
b110100 #
b11111010 !
#966007686333
b110011 #
b11111010 !
#966674358333
b110010 #
b11111010 !
#967341030333
b110001 #
b11111010 !
#968007702333
b110000 #
b11111010 !
#968674374333
b101111 #
b11111010 !
#969341046333
b101110 #
b11111010 !
#970007718333
b101101 #
b11111010 !
#970674390333
b101100 #
b11111010 !
#971341062333
b101011 #
b11111010 !
#972007734333
b101010 #
b11111010 !
#972674406333
b101001 #
b11111010 !
#973341078333
b101000 #
b11111010 !
#974007750333
b100111 #
b11111010 !
#974674422333
b100110 #
b11111010 !
#975341094333
b100101 #
b11111010 !
#976007766333
b100100 #
b11111010 !
#976674438333
b100011 #
b11111010 !
#977341110333
b100010 #
b11111010 !
#978007782333
b100001 #
b11111010 !
#978674454333
b100000 #
b11111010 !
#979341126333
b11111 #
b11111010 !
#980007798333
b11110 #
b11111010 !
#980674470333
b11101 #
b11111010 !
#981341142333
b11100 #
b11111010 !
#982007814333
b11011 #
b11111010 !
#982674486333
b11010 #
b11111010 !
#983341158333
b11001 #
b11111010 !
#984007830333
b11000 #
b11111010 !
#984674502333
b10111 #
b11111010 !
#985341174333
b10110 #
b11111010 !
#986007846333
b10101 #
b11111010 !
#986674518333
b10100 #
b11111010 !
#987341190333
b10011 #
b11111010 !
#988007862333
b10010 #
b11111010 !
#988674534333
b10001 #
b11111010 !
#989341206333
b10000 #
b11111010 !
#990007878333
b1111 #
b11111010 !
#990674550333
b1110 #
b11111010 !
#991341222333
b1101 #
b11111010 !
#992007894333
b1100 #
b11111010 !
#992674566333
b1011 #
b11111010 !
#993341238333
b1010 #
b11111010 !
#994007910333
b1001 #
b11111010 !
#994674582333
b1000 #
b11111010 !
#995341254333
b111 #
b11111010 !
#996007926333
b110 #
b11111010 !
#996674598333
b101 #
b11111010 !
#997341270333
b100 #
b11111010 !
#998007942333
b11 #
b11111010 !
#998674614333
b10 #
b11111010 !
#999341286333
b1 #
b11111010 !
#1000007958333
b0 #
b11111010 !
#1000674630333
b1 "
b11111010 !
#1001341302333
b10 "
b11111010 !
#1002007974333
b11 "
b11111010 !
#1002674646333
b100 "
b11111010 !
#1003341318333
b101 "
b11111010 !
#1004007990333
b110 "
b11111010 !
#1004674662333
b111 "
b11111010 !
#1005341334333
b1000 "
b11111010 !
#1006008006333
b1001 "
b11111010 !
#1006674678333
b1010 "
b11111010 !
#1007341350333
b1011 "
b11111010 !
#1008008022333
b1100 "
b11111010 !
#1008674694333
b1101 "
b11111010 !
#1009341366333
b1110 "
b11111010 !
#1010008038333
b1111 "
b11111010 !
#1010674710333
b10000 "
b11111010 !
#1011341382333
b10001 "
b11111010 !
#1012008054333
b10010 "
b11111010 !
#1012674726333
b10011 "
b11111010 !
#1013341398333
b10100 "
b11111010 !
#1014008070333
b10101 "
b11111010 !
#1014674742333
b10110 "
b11111010 !
#1015341414333
b10111 "
b11111010 !
#1016008086333
b11000 "
b11111010 !
#1016674758333
b11001 "
b11111010 !
#1017341430333
b11010 "
b11111010 !
#1018008102333
b11011 "
b11111010 !
#1018674774333
b11100 "
b11111010 !
#1019341446333
b11101 "
b11111010 !
#1020008118333
b11110 "
b11111010 !
#1020674790333
b11111 "
b11111010 !
#1021341462333
b100000 "
b11111010 !
#1022008134333
b100001 "
b11111010 !
#1022674806333
b100010 "
b11111010 !
#1023341478333
b100011 "
b11111010 !
#1024008150333
b100100 "
b11111010 !
#1024674822333
b100101 "
b11111010 !
#1025341494333
b100110 "
b11111010 !
#1026008166333
b100111 "
b11111010 !
#1026674838333
b101000 "
b11111010 !
#1027341510333
b101001 "
b11111010 !
#1028008182333
b101010 "
b11111010 !
#1028674854333
b101011 "
b11111010 !
#1029341526333
b101100 "
b11111010 !
#1030008198333
b101101 "
b11111010 !
#1030674870333
b101110 "
b11111010 !
#1031341542333
b101111 "
b11111010 !
#1032008214333
b110000 "
b11111010 !
#1032674886333
b110001 "
b11111010 !
#1033341558333
b110010 "
b11111010 !
#1034008230333
b110011 "
b11111010 !
#1034674902333
b110100 "
b11111010 !
#1035341574333
b110101 "
b11111010 !
#1036008246333
b110110 "
b11111010 !
#1036674918333
b110111 "
b11111010 !
#1037341590333
b111000 "
b11111010 !
#1038008262333
b111001 "
b11111010 !
#1038674934333
b111010 "
b11111010 !
#1039341606333
b111011 "
b11111010 !
#1040008278333
b111100 "
b11111010 !
#1040674950333
b111101 "
b11111010 !
#1041341622333
b111110 "
b11111010 !
#1042008294333
b111111 "
b11111010 !
#1042674966333
b1000000 "
b11111010 !
#1043341638333
b1000001 "
b11111010 !
#1044008310333
b1000010 "
b11111010 !
#1044674982333
b1000011 "
b11111010 !
#1045341654333
b1000100 "
b11111010 !
#1046008326333
b1000101 "
b11111010 !
#1046674998333
b1000110 "
b11111010 !
#1047341670333
b1000111 "
b11111010 !
#1048008342333
b1001000 "
b11111010 !
#1048675014333
b1001001 "
b11111010 !
#1049341686333
b1001010 "
b11111010 !
#1050008358333
b1001011 "
b11111010 !
#1050675030333
b1001100 "
b11111010 !
#1051341702333
b1001101 "
b11111010 !
#1052008374333
b1001110 "
b11111010 !
#1052675046333
b1001111 "
b11111010 !
#1053341718333
b1010000 "
b11111010 !
#1054008390333
b1010001 "
b11111010 !
#1054675062333
b1010010 "
b11111010 !
#1055341734333
b1010011 "
b11111010 !
#1056008406333
b1010100 "
b11111010 !
#1056675078333
b1010101 "
b11111010 !
#1057341750333
b1010110 "
b11111010 !
#1058008422333
b1010111 "
b11111010 !
#1058675094333
b1011000 "
b11111010 !
#1059341766333
b1011001 "
b11111010 !
#1060008438333
b1011010 "
b11111010 !
#1060675110333
b1011011 "
b11111010 !
#1061341782333
b1011100 "
b11111010 !
#1062008454333
b1011101 "
b11111010 !
#1062675126333
b1011110 "
b11111010 !
#1063341798333
b1011111 "
b11111010 !
#1064008470333
b1100000 "
b11111010 !
#1064675142333
b1100001 "
b11111010 !
#1065341814333
b1100010 "
b11111010 !
#1066008486333
b1100011 "
b11111010 !
#1066675158333
b1100100 "
b11111010 !
#1067341830333
b1100101 "
b11111010 !
#1068008502333
b1100110 "
b11111010 !
#1068675174333
b1100111 "
b11111010 !
#1069341846333
b1101000 "
b11111010 !
#1070008518333
b1101001 "
b11111010 !
#1070675190333
b1101010 "
b11111010 !
#1071341862333
b1101011 "
b11111010 !
#1072008534333
b1101100 "
b11111010 !
#1072675206333
b1101101 "
b11111010 !
#1073341878333
b1101110 "
b11111010 !
#1074008550333
b1101111 "
b11111010 !
#1074675222333
b1110000 "
b11111010 !
#1075341894333
b1110001 "
b11111010 !
#1076008566333
b1110010 "
b11111010 !
#1076675238333
b1110011 "
b11111010 !
#1077341910333
b1110100 "
b11111010 !
#1078008582333
b1110101 "
b11111010 !
#1078675254333
b1110110 "
b11111010 !
#1079341926333
b1110111 "
b11111010 !
#1080008598333
b1111000 "
b11111010 !
#1080675270333
b1111001 "
b11111010 !
#1081341942333
b1111010 "
b11111010 !
#1082008614333
b1111011 "
b11111010 !
#1082675286333
b1111100 "
b11111010 !
#1083341958333
b1111101 "
b11111010 !
#1084008630333
b1111110 "
b11111010 !
#1084675302333
b1111111 "
b11111010 !
#1085341974333
b10000000 "
b11111010 !
#1086008646333
b10000001 "
b11111010 !
#1086675318333
b10000010 "
b11111010 !
#1087341990333
b10000011 "
b11111010 !
#1088008662333
b10000100 "
b11111010 !
#1088675334333
b10000101 "
b11111010 !
#1089342006333
b10000110 "
b11111010 !
#1090008678333
b10000111 "
b11111010 !
#1090675350333
b10001000 "
b11111010 !
#1091342022333
b10001001 "
b11111010 !
#1092008694333
b10001010 "
b11111010 !
#1092675366333
b10001011 "
b11111010 !
#1093342038333
b10001100 "
b11111010 !
#1094008710333
b10001101 "
b11111010 !
#1094675382333
b10001110 "
b11111010 !
#1095342054333
b10001111 "
b11111010 !
#1096008726333
b10010000 "
b11111010 !
#1096675398333
b10010001 "
b11111010 !
#1097342070333
b10010010 "
b11111010 !
#1098008742333
b10010011 "
b11111010 !
#1098675414333
b10010100 "
b11111010 !
#1099342086333
b10010101 "
b11111010 !
#1100008758333
b10010110 "
b11111010 !
#1100675430333
b10010111 "
b11111010 !
#1101342102333
b10011000 "
b11111010 !
#1102008774333
b10011001 "
b11111010 !
#1102675446333
b10011010 "
b11111010 !
#1103342118333
b10011011 "
b11111010 !
#1104008790333
b10011100 "
b11111010 !
#1104675462333
b10011101 "
b11111010 !
#1105342134333
b10011110 "
b11111010 !
#1106008806333
b10011111 "
b11111010 !
#1106675478333
b10100000 "
b11111010 !
#1107342150333
b10100001 "
b11111010 !
#1108008822333
b10100010 "
b11111010 !
#1108675494333
b10100011 "
b11111010 !
#1109342166333
b10100100 "
b11111010 !
#1110008838333
b10100101 "
b11111010 !
#1110675510333
b10100110 "
b11111010 !
#1111342182333
b10100111 "
b11111010 !
#1112008854333
b10101000 "
b11111010 !
#1112675526333
b10101001 "
b11111010 !
#1113342198333
b10101010 "
b11111010 !
#1114008870333
b10101011 "
b11111010 !
#1114675542333
b10101100 "
b11111010 !
#1115342214333
b10101101 "
b11111010 !
#1116008886333
b10101110 "
b11111010 !
#1116675558333
b10101111 "
b11111010 !
#1117342230333
b10110000 "
b11111010 !
#1118008902333
b10110001 "
b11111010 !
#1118675574333
b10110010 "
b11111010 !
#1119342246333
b10110011 "
b11111010 !
#1120008918333
b10110100 "
b11111010 !
#1120675590333
b10110101 "
b11111010 !
#1121342262333
b10110110 "
b11111010 !
#1122008934333
b10110111 "
b11111010 !
#1122675606333
b10111000 "
b11111010 !
#1123342278333
b10111001 "
b11111010 !
#1124008950333
b10111010 "
b11111010 !
#1124675622333
b10111011 "
b11111010 !
#1125342294333
b10111100 "
b11111010 !
#1126008966333
b10111101 "
b11111010 !
#1126675638333
b10111110 "
b11111010 !
#1127342310333
b10111111 "
b11111010 !
#1128008982333
b11000000 "
b11111010 !
#1128675654333
b11000001 "
b11111010 !
#1129342326333
b11000010 "
b11111010 !
#1130008998333
b11000011 "
b11111010 !
#1130675670333
b11000100 "
b11111010 !
#1131342342333
b11000101 "
b11111010 !
#1132009014333
b11000110 "
b11111010 !
#1132675686333
b11000111 "
b11111010 !
#1133342358333
b11001000 "
b11111010 !
#1134009030333
b11001001 "
b11111010 !
#1134675702333
b11001010 "
b11111010 !
#1135342374333
b11001011 "
b11111010 !
#1136009046333
b11001100 "
b11111010 !
#1136675718333
b11001101 "
b11111010 !
#1137342390333
b11001110 "
b11111010 !
#1138009062333
b11001111 "
b11111010 !
#1138675734333
b11010000 "
b11111010 !
#1139342406333
b11010001 "
b11111010 !
#1140009078333
b11010010 "
b11111010 !
#1140675750333
b11010011 "
b11111010 !
#1141342422333
b11010100 "
b11111010 !
#1142009094333
b11010101 "
b11111010 !
#1142675766333
b11010110 "
b11111010 !
#1143342438333
b11010111 "
b11111010 !
#1144009110333
b11011000 "
b11111010 !
#1144675782333
b11011001 "
b11111010 !
#1145342454333
b11011010 "
b11111010 !
#1146009126333
b11011011 "
b11111010 !
#1146675798333
b11011100 "
b11111010 !
#1147342470333
b11011101 "
b11111010 !
#1148009142333
b11011110 "
b11111010 !
#1148675814333
b11011111 "
b11111010 !
#1149342486333
b11100000 "
b11111010 !
#1150009158333
b11100001 "
b11111010 !
#1150675830333
b11100010 "
b11111010 !
#1151342502333
b11100011 "
b11111010 !
#1152009174333
b11100100 "
b11111010 !
#1152675846333
b11100101 "
b11111010 !
#1153342518333
b11100110 "
b11111010 !
#1154009190333
b11100111 "
b11111010 !
#1154675862333
b11101000 "
b11111010 !
#1155342534333
b11101001 "
b11111010 !
#1156009206333
b11101010 "
b11111010 !
#1156675878333
b11101011 "
b11111010 !
#1157342550333
b11101100 "
b11111010 !
#1158009222333
b11101101 "
b11111010 !
#1158675894333
b11101110 "
b11111010 !
#1159342566333
b11101111 "
b11111010 !
#1160009238333
b11110000 "
b11111010 !
#1160675910333
b11110001 "
b11111010 !
#1161342582333
b11110010 "
b11111010 !
#1162009254333
b11110011 "
b11111010 !
#1162675926333
b11110100 "
b11111010 !
#1163342598333
b11110101 "
b11111010 !
#1164009270333
b11110110 "
b11111010 !
#1164675942333
b11110111 "
b11111010 !
#1165342614333
b11111000 "
b11111010 !
#1166009286333
b11111001 "
b11111010 !
#1166675958333
b11111010 "
b11111010 !
#1167342630333
b11111010 "
b11111001 !
#1168009302333
b11111010 "
b11111000 !
#1168675974333
b11111010 "
b11110111 !
#1169342646333
b11111010 "
b11110110 !
#1170009318333
b11111010 "
b11110101 !
#1170675990333
b11111010 "
b11110100 !
#1171342662333
b11111010 "
b11110011 !
#1172009334333
b11111010 "
b11110010 !
#1172676006333
b11111010 "
b11110001 !
#1173342678333
b11111010 "
b11110000 !
#1174009350333
b11111010 "
b11101111 !
#1174676022333
b11111010 "
b11101110 !
#1175342694333
b11111010 "
b11101101 !
#1176009366333
b11111010 "
b11101100 !
#1176676038333
b11111010 "
b11101011 !
#1177342710333
b11111010 "
b11101010 !
#1178009382333
b11111010 "
b11101001 !
#1178676054333
b11111010 "
b11101000 !
#1179342726333
b11111010 "
b11100111 !
#1180009398333
b11111010 "
b11100110 !
#1180676070333
b11111010 "
b11100101 !
#1181342742333
b11111010 "
b11100100 !
#1182009414333
b11111010 "
b11100011 !
#1182676086333
b11111010 "
b11100010 !
#1183342758333
b11111010 "
b11100001 !
#1184009430333
b11111010 "
b11100000 !
#1184676102333
b11111010 "
b11011111 !
#1185342774333
b11111010 "
b11011110 !
#1186009446333
b11111010 "
b11011101 !
#1186676118333
b11111010 "
b11011100 !
#1187342790333
b11111010 "
b11011011 !
#1188009462333
b11111010 "
b11011010 !
#1188676134333
b11111010 "
b11011001 !
#1189342806333
b11111010 "
b11011000 !
#1190009478333
b11111010 "
b11010111 !
#1190676150333
b11111010 "
b11010110 !
#1191342822333
b11111010 "
b11010101 !
#1192009494333
b11111010 "
b11010100 !
#1192676166333
b11111010 "
b11010011 !
#1193342838333
b11111010 "
b11010010 !
#1194009510333
b11111010 "
b11010001 !
#1194676182333
b11111010 "
b11010000 !
#1195342854333
b11111010 "
b11001111 !
#1196009526333
b11111010 "
b11001110 !
#1196676198333
b11111010 "
b11001101 !
#1197342870333
b11111010 "
b11001100 !
#1198009542333
b11111010 "
b11001011 !
#1198676214333
b11111010 "
b11001010 !
#1199342886333
b11111010 "
b11001001 !
#1200009558333
b11111010 "
b11001000 !
#1200676230333
b11111010 "
b11000111 !
#1201342902333
b11111010 "
b11000110 !
#1202009574333
b11111010 "
b11000101 !
#1202676246333
b11111010 "
b11000100 !
#1203342918333
b11111010 "
b11000011 !
#1204009590333
b11111010 "
b11000010 !
#1204676262333
b11111010 "
b11000001 !
#1205342934333
b11111010 "
b11000000 !
#1206009606333
b11111010 "
b10111111 !
#1206676278333
b11111010 "
b10111110 !
#1207342950333
b11111010 "
b10111101 !
#1208009622333
b11111010 "
b10111100 !
#1208676294333
b11111010 "
b10111011 !
#1209342966333
b11111010 "
b10111010 !
#1210009638333
b11111010 "
b10111001 !
#1210676310333
b11111010 "
b10111000 !
#1211342982333
b11111010 "
b10110111 !
#1212009654333
b11111010 "
b10110110 !
#1212676326333
b11111010 "
b10110101 !
#1213342998333
b11111010 "
b10110100 !
#1214009670333
b11111010 "
b10110011 !
#1214676342333
b11111010 "
b10110010 !
#1215343014333
b11111010 "
b10110001 !
#1216009686333
b11111010 "
b10110000 !
#1216676358333
b11111010 "
b10101111 !
#1217343030333
b11111010 "
b10101110 !
#1218009702333
b11111010 "
b10101101 !
#1218676374333
b11111010 "
b10101100 !
#1219343046333
b11111010 "
b10101011 !
#1220009718333
b11111010 "
b10101010 !
#1220676390333
b11111010 "
b10101001 !
#1221343062333
b11111010 "
b10101000 !
#1222009734333
b11111010 "
b10100111 !
#1222676406333
b11111010 "
b10100110 !
#1223343078333
b11111010 "
b10100101 !
#1224009750333
b11111010 "
b10100100 !
#1224676422333
b11111010 "
b10100011 !
#1225343094333
b11111010 "
b10100010 !
#1226009766333
b11111010 "
b10100001 !
#1226676438333
b11111010 "
b10100000 !
#1227343110333
b11111010 "
b10011111 !
#1228009782333
b11111010 "
b10011110 !
#1228676454333
b11111010 "
b10011101 !
#1229343126333
b11111010 "
b10011100 !
#1230009798333
b11111010 "
b10011011 !
#1230676470333
b11111010 "
b10011010 !
#1231343142333
b11111010 "
b10011001 !
#1232009814333
b11111010 "
b10011000 !
#1232676486333
b11111010 "
b10010111 !
#1233343158333
b11111010 "
b10010110 !
#1234009830333
b11111010 "
b10010101 !
#1234676502333
b11111010 "
b10010100 !
#1235343174333
b11111010 "
b10010011 !
#1236009846333
b11111010 "
b10010010 !
#1236676518333
b11111010 "
b10010001 !
#1237343190333
b11111010 "
b10010000 !
#1238009862333
b11111010 "
b10001111 !
#1238676534333
b11111010 "
b10001110 !
#1239343206333
b11111010 "
b10001101 !
#1240009878333
b11111010 "
b10001100 !
#1240676550333
b11111010 "
b10001011 !
#1241343222333
b11111010 "
b10001010 !
#1242009894333
b11111010 "
b10001001 !
#1242676566333
b11111010 "
b10001000 !
#1243343238333
b11111010 "
b10000111 !
#1244009910333
b11111010 "
b10000110 !
#1244676582333
b11111010 "
b10000101 !
#1245343254333
b11111010 "
b10000100 !
#1246009926333
b11111010 "
b10000011 !
#1246676598333
b11111010 "
b10000010 !
#1247343270333
b11111010 "
b10000001 !
#1248009942333
b11111010 "
b10000000 !
#1248676614333
b11111010 "
b1111111 !
#1249343286333
b11111010 "
b1111110 !
#1250009958333
b11111010 "
b1111101 !
#1250676630333
b11111010 "
b1111100 !
#1251343302333
b11111010 "
b1111011 !
#1252009974333
b11111010 "
b1111010 !
#1252676646333
b11111010 "
b1111001 !
#1253343318333
b11111010 "
b1111000 !
#1254009990333
b11111010 "
b1110111 !
#1254676662333
b11111010 "
b1110110 !
#1255343334333
b11111010 "
b1110101 !
#1256010006333
b11111010 "
b1110100 !
#1256676678333
b11111010 "
b1110011 !
#1257343350333
b11111010 "
b1110010 !
#1258010022333
b11111010 "
b1110001 !
#1258676694333
b11111010 "
b1110000 !
#1259343366333
b11111010 "
b1101111 !
#1260010038333
b11111010 "
b1101110 !
#1260676710333
b11111010 "
b1101101 !
#1261343382333
b11111010 "
b1101100 !
#1262010054333
b11111010 "
b1101011 !
#1262676726333
b11111010 "
b1101010 !
#1263343398333
b11111010 "
b1101001 !
#1264010070333
b11111010 "
b1101000 !
#1264676742333
b11111010 "
b1100111 !
#1265343414333
b11111010 "
b1100110 !
#1266010086333
b11111010 "
b1100101 !
#1266676758333
b11111010 "
b1100100 !
#1267343430333
b11111010 "
b1100011 !
#1268010102333
b11111010 "
b1100010 !
#1268676774333
b11111010 "
b1100001 !
#1269343446333
b11111010 "
b1100000 !
#1270010118333
b11111010 "
b1011111 !
#1270676790333
b11111010 "
b1011110 !
#1271343462333
b11111010 "
b1011101 !
#1272010134333
b11111010 "
b1011100 !
#1272676806333
b11111010 "
b1011011 !
#1273343478333
b11111010 "
b1011010 !
#1274010150333
b11111010 "
b1011001 !
#1274676822333
b11111010 "
b1011000 !
#1275343494333
b11111010 "
b1010111 !
#1276010166333
b11111010 "
b1010110 !
#1276676838333
b11111010 "
b1010101 !
#1277343510333
b11111010 "
b1010100 !
#1278010182333
b11111010 "
b1010011 !
#1278676854333
b11111010 "
b1010010 !
#1279343526333
b11111010 "
b1010001 !
#1280010198333
b11111010 "
b1010000 !
#1280676870333
b11111010 "
b1001111 !
#1281343542333
b11111010 "
b1001110 !
#1282010214333
b11111010 "
b1001101 !
#1282676886333
b11111010 "
b1001100 !
#1283343558333
b11111010 "
b1001011 !
#1284010230333
b11111010 "
b1001010 !
#1284676902333
b11111010 "
b1001001 !
#1285343574333
b11111010 "
b1001000 !
#1286010246333
b11111010 "
b1000111 !
#1286676918333
b11111010 "
b1000110 !
#1287343590333
b11111010 "
b1000101 !
#1288010262333
b11111010 "
b1000100 !
#1288676934333
b11111010 "
b1000011 !
#1289343606333
b11111010 "
b1000010 !
#1290010278333
b11111010 "
b1000001 !
#1290676950333
b11111010 "
b1000000 !
#1291343622333
b11111010 "
b111111 !
#1292010294333
b11111010 "
b111110 !
#1292676966333
b11111010 "
b111101 !
#1293343638333
b11111010 "
b111100 !
#1294010310333
b11111010 "
b111011 !
#1294676982333
b11111010 "
b111010 !
#1295343654333
b11111010 "
b111001 !
#1296010326333
b11111010 "
b111000 !
#1296676998333
b11111010 "
b110111 !
#1297343670333
b11111010 "
b110110 !
#1298010342333
b11111010 "
b110101 !
#1298677014333
b11111010 "
b110100 !
#1299343686333
b11111010 "
b110011 !
#1300010358333
b11111010 "
b110010 !
#1300677030333
b11111010 "
b110001 !
#1301343702333
b11111010 "
b110000 !
#1302010374333
b11111010 "
b101111 !
#1302677046333
b11111010 "
b101110 !
#1303343718333
b11111010 "
b101101 !
#1304010390333
b11111010 "
b101100 !
#1304677062333
b11111010 "
b101011 !
#1305343734333
b11111010 "
b101010 !
#1306010406333
b11111010 "
b101001 !
#1306677078333
b11111010 "
b101000 !
#1307343750333
b11111010 "
b100111 !
#1308010422333
b11111010 "
b100110 !
#1308677094333
b11111010 "
b100101 !
#1309343766333
b11111010 "
b100100 !
#1310010438333
b11111010 "
b100011 !
#1310677110333
b11111010 "
b100010 !
#1311343782333
b11111010 "
b100001 !
#1312010454333
b11111010 "
b100000 !
#1312677126333
b11111010 "
b11111 !
#1313343798333
b11111010 "
b11110 !
#1314010470333
b11111010 "
b11101 !
#1314677142333
b11111010 "
b11100 !
#1315343814333
b11111010 "
b11011 !
#1316010486333
b11111010 "
b11010 !
#1316677158333
b11111010 "
b11001 !
#1317343830333
b11111010 "
b11000 !
#1318010502333
b11111010 "
b10111 !
#1318677174333
b11111010 "
b10110 !
#1319343846333
b11111010 "
b10101 !
#1320010518333
b11111010 "
b10100 !
#1320677190333
b11111010 "
b10011 !
#1321343862333
b11111010 "
b10010 !
#1322010534333
b11111010 "
b10001 !
#1322677206333
b11111010 "
b10000 !
#1323343878333
b11111010 "
b1111 !
#1324010550333
b11111010 "
b1110 !
#1324677222333
b11111010 "
b1101 !
#1325343894333
b11111010 "
b1100 !
#1326010566333
b11111010 "
b1011 !
#1326677238333
b11111010 "
b1010 !
#1327343910333
b11111010 "
b1001 !
#1328010582333
b11111010 "
b1000 !
#1328677254333
b11111010 "
b111 !
#1329343926333
b11111010 "
b110 !
#1330010598333
b11111010 "
b101 !
#1330677270333
b11111010 "
b100 !
#1331343942333
b11111010 "
b11 !
#1332010614333
b11111010 "
b10 !
#1332677286333
b11111010 "
b1 !
#1333343958333
b11111010 "
b0 !
#1334010630333
b1 #
b11111010 "
#1334677302333
b10 #
b11111010 "
#1335343974333
b11 #
b11111010 "
#1336010646333
b100 #
b11111010 "
#1336677318333
b101 #
b11111010 "
#1337343990333
b110 #
b11111010 "
#1338010662333
b111 #
b11111010 "
#1338677334333
b1000 #
b11111010 "
#1339344006333
b1001 #
b11111010 "
#1340010678333
b1010 #
b11111010 "
#1340677350333
b1011 #
b11111010 "
#1341344022333
b1100 #
b11111010 "
#1342010694333
b1101 #
b11111010 "
#1342677366333
b1110 #
b11111010 "
#1343344038333
b1111 #
b11111010 "
#1344010710333
b10000 #
b11111010 "
#1344677382333
b10001 #
b11111010 "
#1345344054333
b10010 #
b11111010 "
#1346010726333
b10011 #
b11111010 "
#1346677398333
b10100 #
b11111010 "
#1347344070333
b10101 #
b11111010 "
#1348010742333
b10110 #
b11111010 "
#1348677414333
b10111 #
b11111010 "
#1349344086333
b11000 #
b11111010 "
#1350010758333
b11001 #
b11111010 "
#1350677430333
b11010 #
b11111010 "
#1351344102333
b11011 #
b11111010 "
#1352010774333
b11100 #
b11111010 "
#1352677446333
b11101 #
b11111010 "
#1353344118333
b11110 #
b11111010 "
#1354010790333
b11111 #
b11111010 "
#1354677462333
b100000 #
b11111010 "
#1355344134333
b100001 #
b11111010 "
#1356010806333
b100010 #
b11111010 "
#1356677478333
b100011 #
b11111010 "
#1357344150333
b100100 #
b11111010 "
#1358010822333
b100101 #
b11111010 "
#1358677494333
b100110 #
b11111010 "
#1359344166333
b100111 #
b11111010 "
#1360010838333
b101000 #
b11111010 "
#1360677510333
b101001 #
b11111010 "
#1361344182333
b101010 #
b11111010 "
#1362010854333
b101011 #
b11111010 "
#1362677526333
b101100 #
b11111010 "
#1363344198333
b101101 #
b11111010 "
#1364010870333
b101110 #
b11111010 "
#1364677542333
b101111 #
b11111010 "
#1365344214333
b110000 #
b11111010 "
#1366010886333
b110001 #
b11111010 "
#1366677558333
b110010 #
b11111010 "
#1367344230333
b110011 #
b11111010 "
#1368010902333
b110100 #
b11111010 "
#1368677574333
b110101 #
b11111010 "
#1369344246333
b110110 #
b11111010 "
#1370010918333
b110111 #
b11111010 "
#1370677590333
b111000 #
b11111010 "
#1371344262333
b111001 #
b11111010 "
#1372010934333
b111010 #
b11111010 "
#1372677606333
b111011 #
b11111010 "
#1373344278333
b111100 #
b11111010 "
#1374010950333
b111101 #
b11111010 "
#1374677622333
b111110 #
b11111010 "
#1375344294333
b111111 #
b11111010 "
#1376010966333
b1000000 #
b11111010 "
#1376677638333
b1000001 #
b11111010 "
#1377344310333
b1000010 #
b11111010 "
#1378010982333
b1000011 #
b11111010 "
#1378677654333
b1000100 #
b11111010 "
#1379344326333
b1000101 #
b11111010 "
#1380010998333
b1000110 #
b11111010 "
#1380677670333
b1000111 #
b11111010 "
#1381344342333
b1001000 #
b11111010 "
#1382011014333
b1001001 #
b11111010 "
#1382677686333
b1001010 #
b11111010 "
#1383344358333
b1001011 #
b11111010 "
#1384011030333
b1001100 #
b11111010 "
#1384677702333
b1001101 #
b11111010 "
#1385344374333
b1001110 #
b11111010 "
#1386011046333
b1001111 #
b11111010 "
#1386677718333
b1010000 #
b11111010 "
#1387344390333
b1010001 #
b11111010 "
#1388011062333
b1010010 #
b11111010 "
#1388677734333
b1010011 #
b11111010 "
#1389344406333
b1010100 #
b11111010 "
#1390011078333
b1010101 #
b11111010 "
#1390677750333
b1010110 #
b11111010 "
#1391344422333
b1010111 #
b11111010 "
#1392011094333
b1011000 #
b11111010 "
#1392677766333
b1011001 #
b11111010 "
#1393344438333
b1011010 #
b11111010 "
#1394011110333
b1011011 #
b11111010 "
#1394677782333
b1011100 #
b11111010 "
#1395344454333
b1011101 #
b11111010 "
#1396011126333
b1011110 #
b11111010 "
#1396677798333
b1011111 #
b11111010 "
#1397344470333
b1100000 #
b11111010 "
#1398011142333
b1100001 #
b11111010 "
#1398677814333
b1100010 #
b11111010 "
#1399344486333
b1100011 #
b11111010 "
#1400011158333
b1100100 #
b11111010 "
#1400677830333
b1100101 #
b11111010 "
#1401344502333
b1100110 #
b11111010 "
#1402011174333
b1100111 #
b11111010 "
#1402677846333
b1101000 #
b11111010 "
#1403344518333
b1101001 #
b11111010 "
#1404011190333
b1101010 #
b11111010 "
#1404677862333
b1101011 #
b11111010 "
#1405344534333
b1101100 #
b11111010 "
#1406011206333
b1101101 #
b11111010 "
#1406677878333
b1101110 #
b11111010 "
#1407344550333
b1101111 #
b11111010 "
#1408011222333
b1110000 #
b11111010 "
#1408677894333
b1110001 #
b11111010 "
#1409344566333
b1110010 #
b11111010 "
#1410011238333
b1110011 #
b11111010 "
#1410677910333
b1110100 #
b11111010 "
#1411344582333
b1110101 #
b11111010 "
#1412011254333
b1110110 #
b11111010 "
#1412677926333
b1110111 #
b11111010 "
#1413344598333
b1111000 #
b11111010 "
#1414011270333
b1111001 #
b11111010 "
#1414677942333
b1111010 #
b11111010 "
#1415344614333
b1111011 #
b11111010 "
#1416011286333
b1111100 #
b11111010 "
#1416677958333
b1111101 #
b11111010 "
#1417344630333
b1111110 #
b11111010 "
#1418011302333
b1111111 #
b11111010 "
#1418677974333
b10000000 #
b11111010 "
#1419344646333
b10000001 #
b11111010 "
#1420011318333
b10000010 #
b11111010 "
#1420677990333
b10000011 #
b11111010 "
#1421344662333
b10000100 #
b11111010 "
#1422011334333
b10000101 #
b11111010 "
#1422678006333
b10000110 #
b11111010 "
#1423344678333
b10000111 #
b11111010 "
#1424011350333
b10001000 #
b11111010 "
#1424678022333
b10001001 #
b11111010 "
#1425344694333
b10001010 #
b11111010 "
#1426011366333
b10001011 #
b11111010 "
#1426678038333
b10001100 #
b11111010 "
#1427344710333
b10001101 #
b11111010 "
#1428011382333
b10001110 #
b11111010 "
#1428678054333
b10001111 #
b11111010 "
#1429344726333
b10010000 #
b11111010 "
#1430011398333
b10010001 #
b11111010 "
#1430678070333
b10010010 #
b11111010 "
#1431344742333
b10010011 #
b11111010 "
#1432011414333
b10010100 #
b11111010 "
#1432678086333
b10010101 #
b11111010 "
#1433344758333
b10010110 #
b11111010 "
#1434011430333
b10010111 #
b11111010 "
#1434678102333
b10011000 #
b11111010 "
#1435344774333
b10011001 #
b11111010 "
#1436011446333
b10011010 #
b11111010 "
#1436678118333
b10011011 #
b11111010 "
#1437344790333
b10011100 #
b11111010 "
#1438011462333
b10011101 #
b11111010 "
#1438678134333
b10011110 #
b11111010 "
#1439344806333
b10011111 #
b11111010 "
#1440011478333
b10100000 #
b11111010 "
#1440678150333
b10100001 #
b11111010 "
#1441344822333
b10100010 #
b11111010 "
#1442011494333
b10100011 #
b11111010 "
#1442678166333
b10100100 #
b11111010 "
#1443344838333
b10100101 #
b11111010 "
#1444011510333
b10100110 #
b11111010 "
#1444678182333
b10100111 #
b11111010 "
#1445344854333
b10101000 #
b11111010 "
#1446011526333
b10101001 #
b11111010 "
#1446678198333
b10101010 #
b11111010 "
#1447344870333
b10101011 #
b11111010 "
#1448011542333
b10101100 #
b11111010 "
#1448678214333
b10101101 #
b11111010 "
#1449344886333
b10101110 #
b11111010 "
#1450011558333
b10101111 #
b11111010 "
#1450678230333
b10110000 #
b11111010 "
#1451344902333
b10110001 #
b11111010 "
#1452011574333
b10110010 #
b11111010 "
#1452678246333
b10110011 #
b11111010 "
#1453344918333
b10110100 #
b11111010 "
#1454011590333
b10110101 #
b11111010 "
#1454678262333
b10110110 #
b11111010 "
#1455344934333
b10110111 #
b11111010 "
#1456011606333
b10111000 #
b11111010 "
#1456678278333
b10111001 #
b11111010 "
#1457344950333
b10111010 #
b11111010 "
#1458011622333
b10111011 #
b11111010 "
#1458678294333
b10111100 #
b11111010 "
#1459344966333
b10111101 #
b11111010 "
#1460011638333
b10111110 #
b11111010 "
#1460678310333
b10111111 #
b11111010 "
#1461344982333
b11000000 #
b11111010 "
#1462011654333
b11000001 #
b11111010 "
#1462678326333
b11000010 #
b11111010 "
#1463344998333
b11000011 #
b11111010 "
#1464011670333
b11000100 #
b11111010 "
#1464678342333
b11000101 #
b11111010 "
#1465345014333
b11000110 #
b11111010 "
#1466011686333
b11000111 #
b11111010 "
#1466678358333
b11001000 #
b11111010 "
#1467345030333
b11001001 #
b11111010 "
#1468011702333
b11001010 #
b11111010 "
#1468678374333
b11001011 #
b11111010 "
#1469345046333
b11001100 #
b11111010 "
#1470011718333
b11001101 #
b11111010 "
#1470678390333
b11001110 #
b11111010 "
#1471345062333
b11001111 #
b11111010 "
#1472011734333
b11010000 #
b11111010 "
#1472678406333
b11010001 #
b11111010 "
#1473345078333
b11010010 #
b11111010 "
#1474011750333
b11010011 #
b11111010 "
#1474678422333
b11010100 #
b11111010 "
#1475345094333
b11010101 #
b11111010 "
#1476011766333
b11010110 #
b11111010 "
#1476678438333
b11010111 #
b11111010 "
#1477345110333
b11011000 #
b11111010 "
#1478011782333
b11011001 #
b11111010 "
#1478678454333
b11011010 #
b11111010 "
#1479345126333
b11011011 #
b11111010 "
#1480011798333
b11011100 #
b11111010 "
#1480678470333
b11011101 #
b11111010 "
#1481345142333
b11011110 #
b11111010 "
#1482011814333
b11011111 #
b11111010 "
#1482678486333
b11100000 #
b11111010 "
#1483345158333
b11100001 #
b11111010 "
#1484011830333
b11100010 #
b11111010 "
#1484678502333
b11100011 #
b11111010 "
#1485345174333
b11100100 #
b11111010 "
#1486011846333
b11100101 #
b11111010 "
#1486678518333
b11100110 #
b11111010 "
#1487345190333
b11100111 #
b11111010 "
#1488011862333
b11101000 #
b11111010 "
#1488678534333
b11101001 #
b11111010 "
#1489345206333
b11101010 #
b11111010 "
#1490011878333
b11101011 #
b11111010 "
#1490678550333
b11101100 #
b11111010 "
#1491345222333
b11101101 #
b11111010 "
#1492011894333
b11101110 #
b11111010 "
#1492678566333
b11101111 #
b11111010 "
#1493345238333
b11110000 #
b11111010 "
#1494011910333
b11110001 #
b11111010 "
#1494678582333
b11110010 #
b11111010 "
#1495345254333
b11110011 #
b11111010 "
#1496011926333
b11110100 #
b11111010 "
#1496678598333
b11110101 #
b11111010 "
#1497345270333
b11110110 #
b11111010 "
#1498011942333
b11110111 #
b11111010 "
#1498678614333
b11111000 #
b11111010 "
#1499345286333
b11111001 #
b11111010 "
#1500011958333
b11111010 #
b11111010 "
#1500678630333
b11111010 #
b11111001 "
#1501345302333
b11111010 #
b11111000 "
#1502011974333
b11111010 #
b11110111 "
#1502678646333
b11111010 #
b11110110 "
#1503345318333
b11111010 #
b11110101 "
#1504011990333
b11111010 #
b11110100 "
#1504678662333
b11111010 #
b11110011 "
#1505345334333
b11111010 #
b11110010 "
#1506012006333
b11111010 #
b11110001 "
#1506678678333
b11111010 #
b11110000 "
#1507345350333
b11111010 #
b11101111 "
#1508012022333
b11111010 #
b11101110 "
#1508678694333
b11111010 #
b11101101 "
#1509345366333
b11111010 #
b11101100 "
#1510012038333
b11111010 #
b11101011 "
#1510678710333
b11111010 #
b11101010 "
#1511345382333
b11111010 #
b11101001 "
#1512012054333
b11111010 #
b11101000 "
#1512678726333
b11111010 #
b11100111 "
#1513345398333
b11111010 #
b11100110 "
#1514012070333
b11111010 #
b11100101 "
#1514678742333
b11111010 #
b11100100 "
#1515345414333
b11111010 #
b11100011 "
#1516012086333
b11111010 #
b11100010 "
#1516678758333
b11111010 #
b11100001 "
#1517345430333
b11111010 #
b11100000 "
#1518012102333
b11111010 #
b11011111 "
#1518678774333
b11111010 #
b11011110 "
#1519345446333
b11111010 #
b11011101 "
#1520012118333
b11111010 #
b11011100 "
#1520678790333
b11111010 #
b11011011 "
#1521345462333
b11111010 #
b11011010 "
#1522012134333
b11111010 #
b11011001 "
#1522678806333
b11111010 #
b11011000 "
#1523345478333
b11111010 #
b11010111 "
#1524012150333
b11111010 #
b11010110 "
#1524678822333
b11111010 #
b11010101 "
#1525345494333
b11111010 #
b11010100 "
#1526012166333
b11111010 #
b11010011 "
#1526678838333
b11111010 #
b11010010 "
#1527345510333
b11111010 #
b11010001 "
#1528012182333
b11111010 #
b11010000 "
#1528678854333
b11111010 #
b11001111 "
#1529345526333
b11111010 #
b11001110 "
#1530012198333
b11111010 #
b11001101 "
#1530678870333
b11111010 #
b11001100 "
#1531345542333
b11111010 #
b11001011 "
#1532012214333
b11111010 #
b11001010 "
#1532678886333
b11111010 #
b11001001 "
#1533345558333
b11111010 #
b11001000 "
#1534012230333
b11111010 #
b11000111 "
#1534678902333
b11111010 #
b11000110 "
#1535345574333
b11111010 #
b11000101 "
#1536012246333
b11111010 #
b11000100 "
#1536678918333
b11111010 #
b11000011 "
#1537345590333
b11111010 #
b11000010 "
#1538012262333
b11111010 #
b11000001 "
#1538678934333
b11111010 #
b11000000 "
#1539345606333
b11111010 #
b10111111 "
#1540012278333
b11111010 #
b10111110 "
#1540678950333
b11111010 #
b10111101 "
#1541345622333
b11111010 #
b10111100 "
#1542012294333
b11111010 #
b10111011 "
#1542678966333
b11111010 #
b10111010 "
#1543345638333
b11111010 #
b10111001 "
#1544012310333
b11111010 #
b10111000 "
#1544678982333
b11111010 #
b10110111 "
#1545345654333
b11111010 #
b10110110 "
#1546012326333
b11111010 #
b10110101 "
#1546678998333
b11111010 #
b10110100 "
#1547345670333
b11111010 #
b10110011 "
#1548012342333
b11111010 #
b10110010 "
#1548679014333
b11111010 #
b10110001 "
#1549345686333
b11111010 #
b10110000 "
#1550012358333
b11111010 #
b10101111 "
#1550679030333
b11111010 #
b10101110 "
#1551345702333
b11111010 #
b10101101 "
#1552012374333
b11111010 #
b10101100 "
#1552679046333
b11111010 #
b10101011 "
#1553345718333
b11111010 #
b10101010 "
#1554012390333
b11111010 #
b10101001 "
#1554679062333
b11111010 #
b10101000 "
#1555345734333
b11111010 #
b10100111 "
#1556012406333
b11111010 #
b10100110 "
#1556679078333
b11111010 #
b10100101 "
#1557345750333
b11111010 #
b10100100 "
#1558012422333
b11111010 #
b10100011 "
#1558679094333
b11111010 #
b10100010 "
#1559345766333
b11111010 #
b10100001 "
#1560012438333
b11111010 #
b10100000 "
#1560679110333
b11111010 #
b10011111 "
#1561345782333
b11111010 #
b10011110 "
#1562012454333
b11111010 #
b10011101 "
#1562679126333
b11111010 #
b10011100 "
#1563345798333
b11111010 #
b10011011 "
#1564012470333
b11111010 #
b10011010 "
#1564679142333
b11111010 #
b10011001 "
#1565345814333
b11111010 #
b10011000 "
#1566012486333
b11111010 #
b10010111 "
#1566679158333
b11111010 #
b10010110 "
#1567345830333
b11111010 #
b10010101 "
#1568012502333
b11111010 #
b10010100 "
#1568679174333
b11111010 #
b10010011 "
#1569345846333
b11111010 #
b10010010 "
#1570012518333
b11111010 #
b10010001 "
#1570679190333
b11111010 #
b10010000 "
#1571345862333
b11111010 #
b10001111 "
#1572012534333
b11111010 #
b10001110 "
#1572679206333
b11111010 #
b10001101 "
#1573345878333
b11111010 #
b10001100 "
#1574012550333
b11111010 #
b10001011 "
#1574679222333
b11111010 #
b10001010 "
#1575345894333
b11111010 #
b10001001 "
#1576012566333
b11111010 #
b10001000 "
#1576679238333
b11111010 #
b10000111 "
#1577345910333
b11111010 #
b10000110 "
#1578012582333
b11111010 #
b10000101 "
#1578679254333
b11111010 #
b10000100 "
#1579345926333
b11111010 #
b10000011 "
#1580012598333
b11111010 #
b10000010 "
#1580679270333
b11111010 #
b10000001 "
#1581345942333
b11111010 #
b10000000 "
#1582012614333
b11111010 #
b1111111 "
#1582679286333
b11111010 #
b1111110 "
#1583345958333
b11111010 #
b1111101 "
#1584012630333
b11111010 #
b1111100 "
#1584679302333
b11111010 #
b1111011 "
#1585345974333
b11111010 #
b1111010 "
#1586012646333
b11111010 #
b1111001 "
#1586679318333
b11111010 #
b1111000 "
#1587345990333
b11111010 #
b1110111 "
#1588012662333
b11111010 #
b1110110 "
#1588679334333
b11111010 #
b1110101 "
#1589346006333
b11111010 #
b1110100 "
#1590012678333
b11111010 #
b1110011 "
#1590679350333
b11111010 #
b1110010 "
#1591346022333
b11111010 #
b1110001 "
#1592012694333
b11111010 #
b1110000 "
#1592679366333
b11111010 #
b1101111 "
#1593346038333
b11111010 #
b1101110 "
#1594012710333
b11111010 #
b1101101 "
#1594679382333
b11111010 #
b1101100 "
#1595346054333
b11111010 #
b1101011 "
#1596012726333
b11111010 #
b1101010 "
#1596679398333
b11111010 #
b1101001 "
#1597346070333
b11111010 #
b1101000 "
#1598012742333
b11111010 #
b1100111 "
#1598679414333
b11111010 #
b1100110 "
#1599346086333
b11111010 #
b1100101 "
#1600012758333
b11111010 #
b1100100 "
#1600679430333
b11111010 #
b1100011 "
#1601346102333
b11111010 #
b1100010 "
#1602012774333
b11111010 #
b1100001 "
#1602679446333
b11111010 #
b1100000 "
#1603346118333
b11111010 #
b1011111 "
#1604012790333
b11111010 #
b1011110 "
#1604679462333
b11111010 #
b1011101 "
#1605346134333
b11111010 #
b1011100 "
#1606012806333
b11111010 #
b1011011 "
#1606679478333
b11111010 #
b1011010 "
#1607346150333
b11111010 #
b1011001 "
#1608012822333
b11111010 #
b1011000 "
#1608679494333
b11111010 #
b1010111 "
#1609346166333
b11111010 #
b1010110 "
#1610012838333
b11111010 #
b1010101 "
#1610679510333
b11111010 #
b1010100 "
#1611346182333
b11111010 #
b1010011 "
#1612012854333
b11111010 #
b1010010 "
#1612679526333
b11111010 #
b1010001 "
#1613346198333
b11111010 #
b1010000 "
#1614012870333
b11111010 #
b1001111 "
#1614679542333
b11111010 #
b1001110 "
#1615346214333
b11111010 #
b1001101 "
#1616012886333
b11111010 #
b1001100 "
#1616679558333
b11111010 #
b1001011 "
#1617346230333
b11111010 #
b1001010 "
#1618012902333
b11111010 #
b1001001 "
#1618679574333
b11111010 #
b1001000 "
#1619346246333
b11111010 #
b1000111 "
#1620012918333
b11111010 #
b1000110 "
#1620679590333
b11111010 #
b1000101 "
#1621346262333
b11111010 #
b1000100 "
#1622012934333
b11111010 #
b1000011 "
#1622679606333
b11111010 #
b1000010 "
#1623346278333
b11111010 #
b1000001 "
#1624012950333
b11111010 #
b1000000 "
#1624679622333
b11111010 #
b111111 "
#1625346294333
b11111010 #
b111110 "
#1626012966333
b11111010 #
b111101 "
#1626679638333
b11111010 #
b111100 "
#1627346310333
b11111010 #
b111011 "
#1628012982333
b11111010 #
b111010 "
#1628679654333
b11111010 #
b111001 "
#1629346326333
b11111010 #
b111000 "
#1630012998333
b11111010 #
b110111 "
#1630679670333
b11111010 #
b110110 "
#1631346342333
b11111010 #
b110101 "
#1632013014333
b11111010 #
b110100 "
#1632679686333
b11111010 #
b110011 "
#1633346358333
b11111010 #
b110010 "
#1634013030333
b11111010 #
b110001 "
#1634679702333
b11111010 #
b110000 "
#1635346374333
b11111010 #
b101111 "
#1636013046333
b11111010 #
b101110 "
#1636679718333
b11111010 #
b101101 "
#1637346390333
b11111010 #
b101100 "
#1638013062333
b11111010 #
b101011 "
#1638679734333
b11111010 #
b101010 "
#1639346406333
b11111010 #
b101001 "
#1640013078333
b11111010 #
b101000 "
#1640679750333
b11111010 #
b100111 "
#1641346422333
b11111010 #
b100110 "
#1642013094333
b11111010 #
b100101 "
#1642679766333
b11111010 #
b100100 "
#1643346438333
b11111010 #
b100011 "
#1644013110333
b11111010 #
b100010 "
#1644679782333
b11111010 #
b100001 "
#1645346454333
b11111010 #
b100000 "
#1646013126333
b11111010 #
b11111 "
#1646679798333
b11111010 #
b11110 "
#1647346470333
b11111010 #
b11101 "
#1648013142333
b11111010 #
b11100 "
#1648679814333
b11111010 #
b11011 "
#1649346486333
b11111010 #
b11010 "
#1650013158333
b11111010 #
b11001 "
#1650679830333
b11111010 #
b11000 "
#1651346502333
b11111010 #
b10111 "
#1652013174333
b11111010 #
b10110 "
#1652679846333
b11111010 #
b10101 "
#1653346518333
b11111010 #
b10100 "
#1654013190333
b11111010 #
b10011 "
#1654679862333
b11111010 #
b10010 "
#1655346534333
b11111010 #
b10001 "
#1656013206333
b11111010 #
b10000 "
#1656679878333
b11111010 #
b1111 "
#1657346550333
b11111010 #
b1110 "
#1658013222333
b11111010 #
b1101 "
#1658679894333
b11111010 #
b1100 "
#1659346566333
b11111010 #
b1011 "
#1660013238333
b11111010 #
b1010 "
#1660679910333
b11111010 #
b1001 "
#1661346582333
b11111010 #
b1000 "
#1662013254333
b11111010 #
b111 "
#1662679926333
b11111010 #
b110 "
#1663346598333
b11111010 #
b101 "
#1664013270333
b11111010 #
b100 "
#1664679942333
b11111010 #
b11 "
#1665346614333
b11111010 #
b10 "
#1666013286333
b11111010 #
b1 "
#1666679958333
b11111010 #
b0 "
#1667346630333
b1 !
b11111010 #
#1668013302333
b11111010 #
b10 !
#1668679974333
b11111010 #
b11 !
#1669346646333
b11111010 #
b100 !
#1670013318333
b11111010 #
b101 !
#1670679990333
b11111010 #
b110 !
#1671346662333
b11111010 #
b111 !
#1672013334333
b11111010 #
b1000 !
#1672680006333
b11111010 #
b1001 !
#1673346678333
b11111010 #
b1010 !
#1674013350333
b11111010 #
b1011 !
#1674680022333
b11111010 #
b1100 !
#1675346694333
b11111010 #
b1101 !
#1676013366333
b11111010 #
b1110 !
#1676680038333
b11111010 #
b1111 !
#1677346710333
b11111010 #
b10000 !
#1678013382333
b11111010 #
b10001 !
#1678680054333
b11111010 #
b10010 !
#1679346726333
b11111010 #
b10011 !
#1680013398333
b11111010 #
b10100 !
#1680680070333
b11111010 #
b10101 !
#1681346742333
b11111010 #
b10110 !
#1682013414333
b11111010 #
b10111 !
#1682680086333
b11111010 #
b11000 !
#1683346758333
b11111010 #
b11001 !
#1684013430333
b11111010 #
b11010 !
#1684680102333
b11111010 #
b11011 !
#1685346774333
b11111010 #
b11100 !
#1686013446333
b11111010 #
b11101 !
#1686680118333
b11111010 #
b11110 !
#1687346790333
b11111010 #
b11111 !
#1688013462333
b11111010 #
b100000 !
#1688680134333
b11111010 #
b100001 !
#1689346806333
b11111010 #
b100010 !
#1690013478333
b11111010 #
b100011 !
#1690680150333
b11111010 #
b100100 !
#1691346822333
b11111010 #
b100101 !
#1692013494333
b11111010 #
b100110 !
#1692680166333
b11111010 #
b100111 !
#1693346838333
b11111010 #
b101000 !
#1694013510333
b11111010 #
b101001 !
#1694680182333
b11111010 #
b101010 !
#1695346854333
b11111010 #
b101011 !
#1696013526333
b11111010 #
b101100 !
#1696680198333
b11111010 #
b101101 !
#1697346870333
b11111010 #
b101110 !
#1698013542333
b11111010 #
b101111 !
#1698680214333
b11111010 #
b110000 !
#1699346886333
b11111010 #
b110001 !
#1700013558333
b11111010 #
b110010 !
#1700680230333
b11111010 #
b110011 !
#1701346902333
b11111010 #
b110100 !
#1702013574333
b11111010 #
b110101 !
#1702680246333
b11111010 #
b110110 !
#1703346918333
b11111010 #
b110111 !
#1704013590333
b11111010 #
b111000 !
#1704680262333
b11111010 #
b111001 !
#1705346934333
b11111010 #
b111010 !
#1706013606333
b11111010 #
b111011 !
#1706680278333
b11111010 #
b111100 !
#1707346950333
b11111010 #
b111101 !
#1708013622333
b11111010 #
b111110 !
#1708680294333
b11111010 #
b111111 !
#1709346966333
b11111010 #
b1000000 !
#1710013638333
b11111010 #
b1000001 !
#1710680310333
b11111010 #
b1000010 !
#1711346982333
b11111010 #
b1000011 !
#1712013654333
b11111010 #
b1000100 !
#1712680326333
b11111010 #
b1000101 !
#1713346998333
b11111010 #
b1000110 !
#1714013670333
b11111010 #
b1000111 !
#1714680342333
b11111010 #
b1001000 !
#1715347014333
b11111010 #
b1001001 !
#1716013686333
b11111010 #
b1001010 !
#1716680358333
b11111010 #
b1001011 !
#1717347030333
b11111010 #
b1001100 !
#1718013702333
b11111010 #
b1001101 !
#1718680374333
b11111010 #
b1001110 !
#1719347046333
b11111010 #
b1001111 !
#1720013718333
b11111010 #
b1010000 !
#1720680390333
b11111010 #
b1010001 !
#1721347062333
b11111010 #
b1010010 !
#1722013734333
b11111010 #
b1010011 !
#1722680406333
b11111010 #
b1010100 !
#1723347078333
b11111010 #
b1010101 !
#1724013750333
b11111010 #
b1010110 !
#1724680422333
b11111010 #
b1010111 !
#1725347094333
b11111010 #
b1011000 !
#1726013766333
b11111010 #
b1011001 !
#1726680438333
b11111010 #
b1011010 !
#1727347110333
b11111010 #
b1011011 !
#1728013782333
b11111010 #
b1011100 !
#1728680454333
b11111010 #
b1011101 !
#1729347126333
b11111010 #
b1011110 !
#1730013798333
b11111010 #
b1011111 !
#1730680470333
b11111010 #
b1100000 !
#1731347142333
b11111010 #
b1100001 !
#1732013814333
b11111010 #
b1100010 !
#1732680486333
b11111010 #
b1100011 !
#1733347158333
b11111010 #
b1100100 !
#1734013830333
b11111010 #
b1100101 !
#1734680502333
b11111010 #
b1100110 !
#1735347174333
b11111010 #
b1100111 !
#1736013846333
b11111010 #
b1101000 !
#1736680518333
b11111010 #
b1101001 !
#1737347190333
b11111010 #
b1101010 !
#1738013862333
b11111010 #
b1101011 !
#1738680534333
b11111010 #
b1101100 !
#1739347206333
b11111010 #
b1101101 !
#1740013878333
b11111010 #
b1101110 !
#1740680550333
b11111010 #
b1101111 !
#1741347222333
b11111010 #
b1110000 !
#1742013894333
b11111010 #
b1110001 !
#1742680566333
b11111010 #
b1110010 !
#1743347238333
b11111010 #
b1110011 !
#1744013910333
b11111010 #
b1110100 !
#1744680582333
b11111010 #
b1110101 !
#1745347254333
b11111010 #
b1110110 !
#1746013926333
b11111010 #
b1110111 !
#1746680598333
b11111010 #
b1111000 !
#1747347270333
b11111010 #
b1111001 !
#1748013942333
b11111010 #
b1111010 !
#1748680614333
b11111010 #
b1111011 !
#1749347286333
b11111010 #
b1111100 !
#1750013958333
b11111010 #
b1111101 !
#1750680630333
b11111010 #
b1111110 !
#1751347302333
b11111010 #
b1111111 !
#1752013974333
b11111010 #
b10000000 !
#1752680646333
b11111010 #
b10000001 !
#1753347318333
b11111010 #
b10000010 !
#1754013990333
b11111010 #
b10000011 !
#1754680662333
b11111010 #
b10000100 !
#1755347334333
b11111010 #
b10000101 !
#1756014006333
b11111010 #
b10000110 !
#1756680678333
b11111010 #
b10000111 !
#1757347350333
b11111010 #
b10001000 !
#1758014022333
b11111010 #
b10001001 !
#1758680694333
b11111010 #
b10001010 !
#1759347366333
b11111010 #
b10001011 !
#1760014038333
b11111010 #
b10001100 !
#1760680710333
b11111010 #
b10001101 !
#1761347382333
b11111010 #
b10001110 !
#1762014054333
b11111010 #
b10001111 !
#1762680726333
b11111010 #
b10010000 !
#1763347398333
b11111010 #
b10010001 !
#1764014070333
b11111010 #
b10010010 !
#1764680742333
b11111010 #
b10010011 !
#1765347414333
b11111010 #
b10010100 !
#1766014086333
b11111010 #
b10010101 !
#1766680758333
b11111010 #
b10010110 !
#1767347430333
b11111010 #
b10010111 !
#1768014102333
b11111010 #
b10011000 !
#1768680774333
b11111010 #
b10011001 !
#1769347446333
b11111010 #
b10011010 !
#1770014118333
b11111010 #
b10011011 !
#1770680790333
b11111010 #
b10011100 !
#1771347462333
b11111010 #
b10011101 !
#1772014134333
b11111010 #
b10011110 !
#1772680806333
b11111010 #
b10011111 !
#1773347478333
b11111010 #
b10100000 !
#1774014150333
b11111010 #
b10100001 !
#1774680822333
b11111010 #
b10100010 !
#1775347494333
b11111010 #
b10100011 !
#1776014166333
b11111010 #
b10100100 !
#1776680838333
b11111010 #
b10100101 !
#1777347510333
b11111010 #
b10100110 !
#1778014182333
b11111010 #
b10100111 !
#1778680854333
b11111010 #
b10101000 !
#1779347526333
b11111010 #
b10101001 !
#1780014198333
b11111010 #
b10101010 !
#1780680870333
b11111010 #
b10101011 !
#1781347542333
b11111010 #
b10101100 !
#1782014214333
b11111010 #
b10101101 !
#1782680886333
b11111010 #
b10101110 !
#1783347558333
b11111010 #
b10101111 !
#1784014230333
b11111010 #
b10110000 !
#1784680902333
b11111010 #
b10110001 !
#1785347574333
b11111010 #
b10110010 !
#1786014246333
b11111010 #
b10110011 !
#1786680918333
b11111010 #
b10110100 !
#1787347590333
b11111010 #
b10110101 !
#1788014262333
b11111010 #
b10110110 !
#1788680934333
b11111010 #
b10110111 !
#1789347606333
b11111010 #
b10111000 !
#1790014278333
b11111010 #
b10111001 !
#1790680950333
b11111010 #
b10111010 !
#1791347622333
b11111010 #
b10111011 !
#1792014294333
b11111010 #
b10111100 !
#1792680966333
b11111010 #
b10111101 !
#1793347638333
b11111010 #
b10111110 !
#1794014310333
b11111010 #
b10111111 !
#1794680982333
b11111010 #
b11000000 !
#1795347654333
b11111010 #
b11000001 !
#1796014326333
b11111010 #
b11000010 !
#1796680998333
b11111010 #
b11000011 !
#1797347670333
b11111010 #
b11000100 !
#1798014342333
b11111010 #
b11000101 !
#1798681014333
b11111010 #
b11000110 !
#1799347686333
b11111010 #
b11000111 !
#1800014358333
b11111010 #
b11001000 !
#1800681030333
b11111010 #
b11001001 !
#1801347702333
b11111010 #
b11001010 !
#1802014374333
b11111010 #
b11001011 !
#1802681046333
b11111010 #
b11001100 !
#1803347718333
b11111010 #
b11001101 !
#1804014390333
b11111010 #
b11001110 !
#1804681062333
b11111010 #
b11001111 !
#1805347734333
b11111010 #
b11010000 !
#1806014406333
b11111010 #
b11010001 !
#1806681078333
b11111010 #
b11010010 !
#1807347750333
b11111010 #
b11010011 !
#1808014422333
b11111010 #
b11010100 !
#1808681094333
b11111010 #
b11010101 !
#1809347766333
b11111010 #
b11010110 !
#1810014438333
b11111010 #
b11010111 !
#1810681110333
b11111010 #
b11011000 !
#1811347782333
b11111010 #
b11011001 !
#1812014454333
b11111010 #
b11011010 !
#1812681126333
b11111010 #
b11011011 !
#1813347798333
b11111010 #
b11011100 !
#1814014470333
b11111010 #
b11011101 !
#1814681142333
b11111010 #
b11011110 !
#1815347814333
b11111010 #
b11011111 !
#1816014486333
b11111010 #
b11100000 !
#1816681158333
b11111010 #
b11100001 !
#1817347830333
b11111010 #
b11100010 !
#1818014502333
b11111010 #
b11100011 !
#1818681174333
b11111010 #
b11100100 !
#1819347846333
b11111010 #
b11100101 !
#1820014518333
b11111010 #
b11100110 !
#1820681190333
b11111010 #
b11100111 !
#1821347862333
b11111010 #
b11101000 !
#1822014534333
b11111010 #
b11101001 !
#1822681206333
b11111010 #
b11101010 !
#1823347878333
b11111010 #
b11101011 !
#1824014550333
b11111010 #
b11101100 !
#1824681222333
b11111010 #
b11101101 !
#1825347894333
b11111010 #
b11101110 !
#1826014566333
b11111010 #
b11101111 !
#1826681238333
b11111010 #
b11110000 !
#1827347910333
b11111010 #
b11110001 !
#1828014582333
b11111010 #
b11110010 !
#1828681254333
b11111010 #
b11110011 !
#1829347926333
b11111010 #
b11110100 !
#1830014598333
b11111010 #
b11110101 !
#1830681270333
b11111010 #
b11110110 !
#1831347942333
b11111010 #
b11110111 !
#1832014614333
b11111010 #
b11111000 !
#1832681286333
b11111010 #
b11111001 !
#1833347958333
b11111010 #
b11111010 !
#1834014630333
b11111001 #
b11111010 !
#1834681302333
b11111000 #
b11111010 !
#1835347974333
b11110111 #
b11111010 !
#1836014646333
b11110110 #
b11111010 !
#1836681318333
b11110101 #
b11111010 !
#1837347990333
b11110100 #
b11111010 !
#1838014662333
b11110011 #
b11111010 !
#1838681334333
b11110010 #
b11111010 !
#1839348006333
b11110001 #
b11111010 !
#1840014678333
b11110000 #
b11111010 !
#1840681350333
b11101111 #
b11111010 !
#1841348022333
b11101110 #
b11111010 !
#1842014694333
b11101101 #
b11111010 !
#1842681366333
b11101100 #
b11111010 !
#1843348038333
b11101011 #
b11111010 !
#1844014710333
b11101010 #
b11111010 !
#1844681382333
b11101001 #
b11111010 !
#1845348054333
b11101000 #
b11111010 !
#1846014726333
b11100111 #
b11111010 !
#1846681398333
b11100110 #
b11111010 !
#1847348070333
b11100101 #
b11111010 !
#1848014742333
b11100100 #
b11111010 !
#1848681414333
b11100011 #
b11111010 !
#1849348086333
b11100010 #
b11111010 !
#1850014758333
b11100001 #
b11111010 !
#1850681430333
b11100000 #
b11111010 !
#1851348102333
b11011111 #
b11111010 !
#1852014774333
b11011110 #
b11111010 !
#1852681446333
b11011101 #
b11111010 !
#1853348118333
b11011100 #
b11111010 !
#1854014790333
b11011011 #
b11111010 !
#1854681462333
b11011010 #
b11111010 !
#1855348134333
b11011001 #
b11111010 !
#1856014806333
b11011000 #
b11111010 !
#1856681478333
b11010111 #
b11111010 !
#1857348150333
b11010110 #
b11111010 !
#1858014822333
b11010101 #
b11111010 !
#1858681494333
b11010100 #
b11111010 !
#1859348166333
b11010011 #
b11111010 !
#1860014838333
b11010010 #
b11111010 !
#1860681510333
b11010001 #
b11111010 !
#1861348182333
b11010000 #
b11111010 !
#1862014854333
b11001111 #
b11111010 !
#1862681526333
b11001110 #
b11111010 !
#1863348198333
b11001101 #
b11111010 !
#1864014870333
b11001100 #
b11111010 !
#1864681542333
b11001011 #
b11111010 !
#1865348214333
b11001010 #
b11111010 !
#1866014886333
b11001001 #
b11111010 !
#1866681558333
b11001000 #
b11111010 !
#1867348230333
b11000111 #
b11111010 !
#1868014902333
b11000110 #
b11111010 !
#1868681574333
b11000101 #
b11111010 !
#1869348246333
b11000100 #
b11111010 !
#1870014918333
b11000011 #
b11111010 !
#1870681590333
b11000010 #
b11111010 !
#1871348262333
b11000001 #
b11111010 !
#1872014934333
b11000000 #
b11111010 !
#1872681606333
b10111111 #
b11111010 !
#1873348278333
b10111110 #
b11111010 !
#1874014950333
b10111101 #
b11111010 !
#1874681622333
b10111100 #
b11111010 !
#1875348294333
b10111011 #
b11111010 !
#1876014966333
b10111010 #
b11111010 !
#1876681638333
b10111001 #
b11111010 !
#1877348310333
b10111000 #
b11111010 !
#1878014982333
b10110111 #
b11111010 !
#1878681654333
b10110110 #
b11111010 !
#1879348326333
b10110101 #
b11111010 !
#1880014998333
b10110100 #
b11111010 !
#1880681670333
b10110011 #
b11111010 !
#1881348342333
b10110010 #
b11111010 !
#1882015014333
b10110001 #
b11111010 !
#1882681686333
b10110000 #
b11111010 !
#1883348358333
b10101111 #
b11111010 !
#1884015030333
b10101110 #
b11111010 !
#1884681702333
b10101101 #
b11111010 !
#1885348374333
b10101100 #
b11111010 !
#1886015046333
b10101011 #
b11111010 !
#1886681718333
b10101010 #
b11111010 !
#1887348390333
b10101001 #
b11111010 !
#1888015062333
b10101000 #
b11111010 !
#1888681734333
b10100111 #
b11111010 !
#1889348406333
b10100110 #
b11111010 !
#1890015078333
b10100101 #
b11111010 !
#1890681750333
b10100100 #
b11111010 !
#1891348422333
b10100011 #
b11111010 !
#1892015094333
b10100010 #
b11111010 !
#1892681766333
b10100001 #
b11111010 !
#1893348438333
b10100000 #
b11111010 !
#1894015110333
b10011111 #
b11111010 !
#1894681782333
b10011110 #
b11111010 !
#1895348454333
b10011101 #
b11111010 !
#1896015126333
b10011100 #
b11111010 !
#1896681798333
b10011011 #
b11111010 !
#1897348470333
b10011010 #
b11111010 !
#1898015142333
b10011001 #
b11111010 !
#1898681814333
b10011000 #
b11111010 !
#1899348486333
b10010111 #
b11111010 !
#1900015158333
b10010110 #
b11111010 !
#1900681830333
b10010101 #
b11111010 !
#1901348502333
b10010100 #
b11111010 !
#1902015174333
b10010011 #
b11111010 !
#1902681846333
b10010010 #
b11111010 !
#1903348518333
b10010001 #
b11111010 !
#1904015190333
b10010000 #
b11111010 !
#1904681862333
b10001111 #
b11111010 !
#1905348534333
b10001110 #
b11111010 !
#1906015206333
b10001101 #
b11111010 !
#1906681878333
b10001100 #
b11111010 !
#1907348550333
b10001011 #
b11111010 !
#1908015222333
b10001010 #
b11111010 !
#1908681894333
b10001001 #
b11111010 !
#1909348566333
b10001000 #
b11111010 !
#1910015238333
b10000111 #
b11111010 !
#1910681910333
b10000110 #
b11111010 !
#1911348582333
b10000101 #
b11111010 !
#1912015254333
b10000100 #
b11111010 !
#1912681926333
b10000011 #
b11111010 !
#1913348598333
b10000010 #
b11111010 !
#1914015270333
b10000001 #
b11111010 !
#1914681942333
b10000000 #
b11111010 !
#1915348614333
b1111111 #
b11111010 !
#1916015286333
b1111110 #
b11111010 !
#1916681958333
b1111101 #
b11111010 !
#1917348630333
b1111100 #
b11111010 !
#1918015302333
b1111011 #
b11111010 !
#1918681974333
b1111010 #
b11111010 !
#1919348646333
b1111001 #
b11111010 !
#1920015318333
b1111000 #
b11111010 !
#1920681990333
b1110111 #
b11111010 !
#1921348662333
b1110110 #
b11111010 !
#1922015334333
b1110101 #
b11111010 !
#1922682006333
b1110100 #
b11111010 !
#1923348678333
b1110011 #
b11111010 !
#1924015350333
b1110010 #
b11111010 !
#1924682022333
b1110001 #
b11111010 !
#1925348694333
b1110000 #
b11111010 !
#1926015366333
b1101111 #
b11111010 !
#1926682038333
b1101110 #
b11111010 !
#1927348710333
b1101101 #
b11111010 !
#1928015382333
b1101100 #
b11111010 !
#1928682054333
b1101011 #
b11111010 !
#1929348726333
b1101010 #
b11111010 !
#1930015398333
b1101001 #
b11111010 !
#1930682070333
b1101000 #
b11111010 !
#1931348742333
b1100111 #
b11111010 !
#1932015414333
b1100110 #
b11111010 !
#1932682086333
b1100101 #
b11111010 !
#1933348758333
b1100100 #
b11111010 !
#1934015430333
b1100011 #
b11111010 !
#1934682102333
b1100010 #
b11111010 !
#1935348774333
b1100001 #
b11111010 !
#1936015446333
b1100000 #
b11111010 !
#1936682118333
b1011111 #
b11111010 !
#1937348790333
b1011110 #
b11111010 !
#1938015462333
b1011101 #
b11111010 !
#1938682134333
b1011100 #
b11111010 !
#1939348806333
b1011011 #
b11111010 !
#1940015478333
b1011010 #
b11111010 !
#1940682150333
b1011001 #
b11111010 !
#1941348822333
b1011000 #
b11111010 !
#1942015494333
b1010111 #
b11111010 !
#1942682166333
b1010110 #
b11111010 !
#1943348838333
b1010101 #
b11111010 !
#1944015510333
b1010100 #
b11111010 !
#1944682182333
b1010011 #
b11111010 !
#1945348854333
b1010010 #
b11111010 !
#1946015526333
b1010001 #
b11111010 !
#1946682198333
b1010000 #
b11111010 !
#1947348870333
b1001111 #
b11111010 !
#1948015542333
b1001110 #
b11111010 !
#1948682214333
b1001101 #
b11111010 !
#1949348886333
b1001100 #
b11111010 !
#1950015558333
b1001011 #
b11111010 !
#1950682230333
b1001010 #
b11111010 !
#1951348902333
b1001001 #
b11111010 !
#1952015574333
b1001000 #
b11111010 !
#1952682246333
b1000111 #
b11111010 !
#1953348918333
b1000110 #
b11111010 !
#1954015590333
b1000101 #
b11111010 !
#1954682262333
b1000100 #
b11111010 !
#1955348934333
b1000011 #
b11111010 !
#1956015606333
b1000010 #
b11111010 !
#1956682278333
b1000001 #
b11111010 !
#1957348950333
b1000000 #
b11111010 !
#1958015622333
b111111 #
b11111010 !
#1958682294333
b111110 #
b11111010 !
#1959348966333
b111101 #
b11111010 !
#1960015638333
b111100 #
b11111010 !
#1960682310333
b111011 #
b11111010 !
#1961348982333
b111010 #
b11111010 !
#1962015654333
b111001 #
b11111010 !
#1962682326333
b111000 #
b11111010 !
#1963348998333
b110111 #
b11111010 !
#1964015670333
b110110 #
b11111010 !
#1964682342333
b110101 #
b11111010 !
#1965349014333
b110100 #
b11111010 !
#1966015686333
b110011 #
b11111010 !
#1966682358333
b110010 #
b11111010 !
#1967349030333
b110001 #
b11111010 !
#1968015702333
b110000 #
b11111010 !
#1968682374333
b101111 #
b11111010 !
#1969349046333
b101110 #
b11111010 !
#1970015718333
b101101 #
b11111010 !
#1970682390333
b101100 #
b11111010 !
#1971349062333
b101011 #
b11111010 !
#1972015734333
b101010 #
b11111010 !
#1972682406333
b101001 #
b11111010 !
#1973349078333
b101000 #
b11111010 !
#1974015750333
b100111 #
b11111010 !
#1974682422333
b100110 #
b11111010 !
#1975349094333
b100101 #
b11111010 !
#1976015766333
b100100 #
b11111010 !
#1976682438333
b100011 #
b11111010 !
#1977349110333
b100010 #
b11111010 !
#1978015782333
b100001 #
b11111010 !
#1978682454333
b100000 #
b11111010 !
#1979349126333
b11111 #
b11111010 !
#1980015798333
b11110 #
b11111010 !
#1980682470333
b11101 #
b11111010 !
#1981349142333
b11100 #
b11111010 !
#1982015814333
b11011 #
b11111010 !
#1982682486333
b11010 #
b11111010 !
#1983349158333
b11001 #
b11111010 !
#1984015830333
b11000 #
b11111010 !
#1984682502333
b10111 #
b11111010 !
#1985349174333
b10110 #
b11111010 !
#1986015846333
b10101 #
b11111010 !
#1986682518333
b10100 #
b11111010 !
#1987349190333
b10011 #
b11111010 !
#1988015862333
b10010 #
b11111010 !
#1988682534333
b10001 #
b11111010 !
#1989349206333
b10000 #
b11111010 !
#1990015878333
b1111 #
b11111010 !
#1990682550333
b1110 #
b11111010 !
#1991349222333
b1101 #
b11111010 !
#1992015894333
b1100 #
b11111010 !
#1992682566333
b1011 #
b11111010 !
#1993349238333
b1010 #
b11111010 !
#1994015910333
b1001 #
b11111010 !
#1994682582333
b1000 #
b11111010 !
#1995349254333
b111 #
b11111010 !
#1996015926333
b110 #
b11111010 !
#1996682598333
b101 #
b11111010 !
#1997349270333
b100 #
b11111010 !
#1998015942333
b11 #
b11111010 !
#1998682614333
b10 #
b11111010 !
#1999349286333
b1 #
b11111010 !
#2000015958333
b0 #
b11111010 !
#2000682630333
b1 "
b11111010 !
#2001349302333
b10 "
b11111010 !
#2002015974333
b11 "
b11111010 !
#2002682646333
b100 "
b11111010 !
#2003349318333
b101 "
b11111010 !
#2004015990333
b110 "
b11111010 !
#2004682662333
b111 "
b11111010 !
#2005349334333
b1000 "
b11111010 !
#2006016006333
b1001 "
b11111010 !
#2006682678333
b1010 "
b11111010 !
#2007349350333
b1011 "
b11111010 !
#2008016022333
b1100 "
b11111010 !
#2008682694333
b1101 "
b11111010 !
#2009349366333
b1110 "
b11111010 !
#2010016038333
b1111 "
b11111010 !
#2010682710333
b10000 "
b11111010 !
#2011349382333
b10001 "
b11111010 !
#2012016054333
b10010 "
b11111010 !
#2012682726333
b10011 "
b11111010 !
#2013349398333
b10100 "
b11111010 !
#2014016070333
b10101 "
b11111010 !
#2014682742333
b10110 "
b11111010 !
#2015349414333
b10111 "
b11111010 !
#2016016086333
b11000 "
b11111010 !
#2016682758333
b11001 "
b11111010 !
#2017349430333
b11010 "
b11111010 !
#2018016102333
b11011 "
b11111010 !
#2018682774333
b11100 "
b11111010 !
#2019349446333
b11101 "
b11111010 !
#2020016118333
b11110 "
b11111010 !
#2020682790333
b11111 "
b11111010 !
#2021349462333
b100000 "
b11111010 !
#2022016134333
b100001 "
b11111010 !
#2022682806333
b100010 "
b11111010 !
#2023349478333
b100011 "
b11111010 !
#2024016150333
b100100 "
b11111010 !
#2024682822333
b100101 "
b11111010 !
#2025349494333
b100110 "
b11111010 !
#2026016166333
b100111 "
b11111010 !
#2026682838333
b101000 "
b11111010 !
#2027349510333
b101001 "
b11111010 !
#2028016182333
b101010 "
b11111010 !
#2028682854333
b101011 "
b11111010 !
#2029349526333
b101100 "
b11111010 !
#2030016198333
b101101 "
b11111010 !
#2030682870333
b101110 "
b11111010 !
#2031349542333
b101111 "
b11111010 !
#2032016214333
b110000 "
b11111010 !
#2032682886333
b110001 "
b11111010 !
#2033349558333
b110010 "
b11111010 !
#2034016230333
b110011 "
b11111010 !
#2034682902333
b110100 "
b11111010 !
#2035349574333
b110101 "
b11111010 !
#2036016246333
b110110 "
b11111010 !
#2036682918333
b110111 "
b11111010 !
#2037349590333
b111000 "
b11111010 !
#2038016262333
b111001 "
b11111010 !
#2038682934333
b111010 "
b11111010 !
#2039349606333
b111011 "
b11111010 !
#2040016278333
b111100 "
b11111010 !
#2040682950333
b111101 "
b11111010 !
#2041349622333
b111110 "
b11111010 !
#2042016294333
b111111 "
b11111010 !
#2042682966333
b1000000 "
b11111010 !
#2043349638333
b1000001 "
b11111010 !
#2044016310333
b1000010 "
b11111010 !
#2044682982333
b1000011 "
b11111010 !
#2045349654333
b1000100 "
b11111010 !
#2046016326333
b1000101 "
b11111010 !
#2046682998333
b1000110 "
b11111010 !
#2047349670333
b1000111 "
b11111010 !
#2048016342333
b1001000 "
b11111010 !
#2048683014333
b1001001 "
b11111010 !
#2049349686333
b1001010 "
b11111010 !
#2050016358333
b1001011 "
b11111010 !
#2050683030333
b1001100 "
b11111010 !
#2051349702333
b1001101 "
b11111010 !
#2052016374333
b1001110 "
b11111010 !
#2052683046333
b1001111 "
b11111010 !
#2053349718333
b1010000 "
b11111010 !
#2054016390333
b1010001 "
b11111010 !
#2054683062333
b1010010 "
b11111010 !
#2055349734333
b1010011 "
b11111010 !
#2056016406333
b1010100 "
b11111010 !
#2056683078333
b1010101 "
b11111010 !
#2057349750333
b1010110 "
b11111010 !
#2058016422333
b1010111 "
b11111010 !
#2058683094333
b1011000 "
b11111010 !
#2059349766333
b1011001 "
b11111010 !
#2060016438333
b1011010 "
b11111010 !
#2060683110333
b1011011 "
b11111010 !
#2061349782333
b1011100 "
b11111010 !
#2062016454333
b1011101 "
b11111010 !
#2062683126333
b1011110 "
b11111010 !
#2063349798333
b1011111 "
b11111010 !
#2064016470333
b1100000 "
b11111010 !
#2064683142333
b1100001 "
b11111010 !
#2065349814333
b1100010 "
b11111010 !
#2066016486333
b1100011 "
b11111010 !
#2066683158333
b1100100 "
b11111010 !
#2067349830333
b1100101 "
b11111010 !
#2068016502333
b1100110 "
b11111010 !
#2068683174333
b1100111 "
b11111010 !
#2069349846333
b1101000 "
b11111010 !
#2070016518333
b1101001 "
b11111010 !
#2070683190333
b1101010 "
b11111010 !
#2071349862333
b1101011 "
b11111010 !
#2072016534333
b1101100 "
b11111010 !
#2072683206333
b1101101 "
b11111010 !
#2073349878333
b1101110 "
b11111010 !
#2074016550333
b1101111 "
b11111010 !
#2074683222333
b1110000 "
b11111010 !
#2075349894333
b1110001 "
b11111010 !
#2076016566333
b1110010 "
b11111010 !
#2076683238333
b1110011 "
b11111010 !
#2077349910333
b1110100 "
b11111010 !
#2078016582333
b1110101 "
b11111010 !
#2078683254333
b1110110 "
b11111010 !
#2079349926333
b1110111 "
b11111010 !
#2080016598333
b1111000 "
b11111010 !
#2080683270333
b1111001 "
b11111010 !
#2081349942333
b1111010 "
b11111010 !
#2082016614333
b1111011 "
b11111010 !
#2082683286333
b1111100 "
b11111010 !
#2083349958333
b1111101 "
b11111010 !
#2084016630333
b1111110 "
b11111010 !
#2084683302333
b1111111 "
b11111010 !
#2085349974333
b10000000 "
b11111010 !
#2086016646333
b10000001 "
b11111010 !
#2086683318333
b10000010 "
b11111010 !
#2087349990333
b10000011 "
b11111010 !
#2088016662333
b10000100 "
b11111010 !
#2088683334333
b10000101 "
b11111010 !
#2089350006333
b10000110 "
b11111010 !
#2090016678333
b10000111 "
b11111010 !
#2090683350333
b10001000 "
b11111010 !
#2091350022333
b10001001 "
b11111010 !
#2092016694333
b10001010 "
b11111010 !
#2092683366333
b10001011 "
b11111010 !
#2093350038333
b10001100 "
b11111010 !
#2094016710333
b10001101 "
b11111010 !
#2094683382333
b10001110 "
b11111010 !
#2095350054333
b10001111 "
b11111010 !
#2096016726333
b10010000 "
b11111010 !
#2096683398333
b10010001 "
b11111010 !
#2097350070333
b10010010 "
b11111010 !
#2098016742333
b10010011 "
b11111010 !
#2098683414333
b10010100 "
b11111010 !
#2099350086333
b10010101 "
b11111010 !
#2100016758333
b10010110 "
b11111010 !
#2100683430333
b10010111 "
b11111010 !
#2101350102333
b10011000 "
b11111010 !
#2102016774333
b10011001 "
b11111010 !
#2102683446333
b10011010 "
b11111010 !
#2103350118333
b10011011 "
b11111010 !
#2104016790333
b10011100 "
b11111010 !
#2104683462333
b10011101 "
b11111010 !
#2105350134333
b10011110 "
b11111010 !
#2106016806333
b10011111 "
b11111010 !
#2106683478333
b10100000 "
b11111010 !
#2107350150333
b10100001 "
b11111010 !
#2108016822333
b10100010 "
b11111010 !
#2108683494333
b10100011 "
b11111010 !
#2109350166333
b10100100 "
b11111010 !
#2110016838333
b10100101 "
b11111010 !
#2110683510333
b10100110 "
b11111010 !
#2111350182333
b10100111 "
b11111010 !
#2112016854333
b10101000 "
b11111010 !
#2112683526333
b10101001 "
b11111010 !
#2113350198333
b10101010 "
b11111010 !
#2114016870333
b10101011 "
b11111010 !
#2114683542333
b10101100 "
b11111010 !
#2115350214333
b10101101 "
b11111010 !
#2116016886333
b10101110 "
b11111010 !
#2116683558333
b10101111 "
b11111010 !
#2117350230333
b10110000 "
b11111010 !
#2118016902333
b10110001 "
b11111010 !
#2118683574333
b10110010 "
b11111010 !
#2119350246333
b10110011 "
b11111010 !
#2120016918333
b10110100 "
b11111010 !
#2120683590333
b10110101 "
b11111010 !
#2121350262333
b10110110 "
b11111010 !
#2122016934333
b10110111 "
b11111010 !
#2122683606333
b10111000 "
b11111010 !
#2123350278333
b10111001 "
b11111010 !
#2124016950333
b10111010 "
b11111010 !
#2124683622333
b10111011 "
b11111010 !
#2125350294333
b10111100 "
b11111010 !
#2126016966333
b10111101 "
b11111010 !
#2126683638333
b10111110 "
b11111010 !
#2127350310333
b10111111 "
b11111010 !
#2128016982333
b11000000 "
b11111010 !
#2128683654333
b11000001 "
b11111010 !
#2129350326333
b11000010 "
b11111010 !
#2130016998333
b11000011 "
b11111010 !
#2130683670333
b11000100 "
b11111010 !
#2131350342333
b11000101 "
b11111010 !
#2132017014333
b11000110 "
b11111010 !
#2132683686333
b11000111 "
b11111010 !
#2133350358333
b11001000 "
b11111010 !
#2134017030333
b11001001 "
b11111010 !
#2134683702333
b11001010 "
b11111010 !
#2135350374333
b11001011 "
b11111010 !
#2136017046333
b11001100 "
b11111010 !
#2136683718333
b11001101 "
b11111010 !
#2137350390333
b11001110 "
b11111010 !
#2138017062333
b11001111 "
b11111010 !
#2138683734333
b11010000 "
b11111010 !
#2139350406333
b11010001 "
b11111010 !
#2140017078333
b11010010 "
b11111010 !
#2140683750333
b11010011 "
b11111010 !
#2141350422333
b11010100 "
b11111010 !
#2142017094333
b11010101 "
b11111010 !
#2142683766333
b11010110 "
b11111010 !
#2143350438333
b11010111 "
b11111010 !
#2144017110333
b11011000 "
b11111010 !
#2144683782333
b11011001 "
b11111010 !
#2145350454333
b11011010 "
b11111010 !
#2146017126333
b11011011 "
b11111010 !
#2146683798333
b11011100 "
b11111010 !
#2147350470333
b11011101 "
b11111010 !
#2148017142333
b11011110 "
b11111010 !
#2148683814333
b11011111 "
b11111010 !
#2149350486333
b11100000 "
b11111010 !
#2150017158333
b11100001 "
b11111010 !
#2150683830333
b11100010 "
b11111010 !
#2151350502333
b11100011 "
b11111010 !
#2152017174333
b11100100 "
b11111010 !
#2152683846333
b11100101 "
b11111010 !
#2153350518333
b11100110 "
b11111010 !
#2154017190333
b11100111 "
b11111010 !
#2154683862333
b11101000 "
b11111010 !
#2155350534333
b11101001 "
b11111010 !
#2156017206333
b11101010 "
b11111010 !
#2156683878333
b11101011 "
b11111010 !
#2157350550333
b11101100 "
b11111010 !
#2158017222333
b11101101 "
b11111010 !
#2158683894333
b11101110 "
b11111010 !
#2159350566333
b11101111 "
b11111010 !
#2160017238333
b11110000 "
b11111010 !
#2160683910333
b11110001 "
b11111010 !
#2161350582333
b11110010 "
b11111010 !
#2162017254333
b11110011 "
b11111010 !
#2162683926333
b11110100 "
b11111010 !
#2163350598333
b11110101 "
b11111010 !
#2164017270333
b11110110 "
b11111010 !
#2164683942333
b11110111 "
b11111010 !
#2165350614333
b11111000 "
b11111010 !
#2166017286333
b11111001 "
b11111010 !
#2166683958333
b11111010 "
b11111010 !
#2167350630333
b11111010 "
b11111001 !
#2168017302333
b11111010 "
b11111000 !
#2168683974333
b11111010 "
b11110111 !
#2169350646333
b11111010 "
b11110110 !
#2170017318333
b11111010 "
b11110101 !
#2170683990333
b11111010 "
b11110100 !
#2171350662333
b11111010 "
b11110011 !
#2172017334333
b11111010 "
b11110010 !
#2172684006333
b11111010 "
b11110001 !
#2173350678333
b11111010 "
b11110000 !
#2174017350333
b11111010 "
b11101111 !
#2174684022333
b11111010 "
b11101110 !
#2175350694333
b11111010 "
b11101101 !
#2176017366333
b11111010 "
b11101100 !
#2176684038333
b11111010 "
b11101011 !
#2177350710333
b11111010 "
b11101010 !
#2178017382333
b11111010 "
b11101001 !
#2178684054333
b11111010 "
b11101000 !
#2179350726333
b11111010 "
b11100111 !
#2180017398333
b11111010 "
b11100110 !
#2180684070333
b11111010 "
b11100101 !
#2181350742333
b11111010 "
b11100100 !
#2182017414333
b11111010 "
b11100011 !
#2182684086333
b11111010 "
b11100010 !
#2183350758333
b11111010 "
b11100001 !
#2184017430333
b11111010 "
b11100000 !
#2184684102333
b11111010 "
b11011111 !
#2185350774333
b11111010 "
b11011110 !
#2186017446333
b11111010 "
b11011101 !
#2186684118333
b11111010 "
b11011100 !
#2187350790333
b11111010 "
b11011011 !
#2188017462333
b11111010 "
b11011010 !
#2188684134333
b11111010 "
b11011001 !
#2189350806333
b11111010 "
b11011000 !
#2190017478333
b11111010 "
b11010111 !
#2190684150333
b11111010 "
b11010110 !
#2191350822333
b11111010 "
b11010101 !
#2192017494333
b11111010 "
b11010100 !
#2192684166333
b11111010 "
b11010011 !
#2193350838333
b11111010 "
b11010010 !
#2194017510333
b11111010 "
b11010001 !
#2194684182333
b11111010 "
b11010000 !
#2195350854333
b11111010 "
b11001111 !
#2196017526333
b11111010 "
b11001110 !
#2196684198333
b11111010 "
b11001101 !
#2197350870333
b11111010 "
b11001100 !
#2198017542333
b11111010 "
b11001011 !
#2198684214333
b11111010 "
b11001010 !
#2199350886333
b11111010 "
b11001001 !
#2200017558333
b11111010 "
b11001000 !
#2200684230333
b11111010 "
b11000111 !
#2201350902333
b11111010 "
b11000110 !
#2202017574333
b11111010 "
b11000101 !
#2202684246333
b11111010 "
b11000100 !
#2203350918333
b11111010 "
b11000011 !
#2204017590333
b11111010 "
b11000010 !
#2204684262333
b11111010 "
b11000001 !
#2205350934333
b11111010 "
b11000000 !
#2206017606333
b11111010 "
b10111111 !
#2206684278333
b11111010 "
b10111110 !
#2207350950333
b11111010 "
b10111101 !
#2208017622333
b11111010 "
b10111100 !
#2208684294333
b11111010 "
b10111011 !
#2209350966333
b11111010 "
b10111010 !
#2210017638333
b11111010 "
b10111001 !
#2210684310333
b11111010 "
b10111000 !
#2211350982333
b11111010 "
b10110111 !
#2212017654333
b11111010 "
b10110110 !
#2212684326333
b11111010 "
b10110101 !
#2213350998333
b11111010 "
b10110100 !
#2214017670333
b11111010 "
b10110011 !
#2214684342333
b11111010 "
b10110010 !
#2215351014333
b11111010 "
b10110001 !
#2216017686333
b11111010 "
b10110000 !
#2216684358333
b11111010 "
b10101111 !
#2217351030333
b11111010 "
b10101110 !
#2218017702333
b11111010 "
b10101101 !
#2218684374333
b11111010 "
b10101100 !
#2219351046333
b11111010 "
b10101011 !
#2220017718333
b11111010 "
b10101010 !
#2220684390333
b11111010 "
b10101001 !
#2221351062333
b11111010 "
b10101000 !
#2222017734333
b11111010 "
b10100111 !
#2222684406333
b11111010 "
b10100110 !
#2223351078333
b11111010 "
b10100101 !
#2224017750333
b11111010 "
b10100100 !
#2224684422333
b11111010 "
b10100011 !
#2225351094333
b11111010 "
b10100010 !
#2226017766333
b11111010 "
b10100001 !
#2226684438333
b11111010 "
b10100000 !
#2227351110333
b11111010 "
b10011111 !
#2228017782333
b11111010 "
b10011110 !
#2228684454333
b11111010 "
b10011101 !
#2229351126333
b11111010 "
b10011100 !
#2230017798333
b11111010 "
b10011011 !
#2230684470333
b11111010 "
b10011010 !
#2231351142333
b11111010 "
b10011001 !
#2232017814333
b11111010 "
b10011000 !
#2232684486333
b11111010 "
b10010111 !
#2233351158333
b11111010 "
b10010110 !
#2234017830333
b11111010 "
b10010101 !
#2234684502333
b11111010 "
b10010100 !
#2235351174333
b11111010 "
b10010011 !
#2236017846333
b11111010 "
b10010010 !
#2236684518333
b11111010 "
b10010001 !
#2237351190333
b11111010 "
b10010000 !
#2238017862333
b11111010 "
b10001111 !
#2238684534333
b11111010 "
b10001110 !
#2239351206333
b11111010 "
b10001101 !
#2240017878333
b11111010 "
b10001100 !
#2240684550333
b11111010 "
b10001011 !
#2241351222333
b11111010 "
b10001010 !
#2242017894333
b11111010 "
b10001001 !
#2242684566333
b11111010 "
b10001000 !
#2243351238333
b11111010 "
b10000111 !
#2244017910333
b11111010 "
b10000110 !
#2244684582333
b11111010 "
b10000101 !
#2245351254333
b11111010 "
b10000100 !
#2246017926333
b11111010 "
b10000011 !
#2246684598333
b11111010 "
b10000010 !
#2247351270333
b11111010 "
b10000001 !
#2248017942333
b11111010 "
b10000000 !
#2248684614333
b11111010 "
b1111111 !
#2249351286333
b11111010 "
b1111110 !
#2250017958333
b11111010 "
b1111101 !
#2250684630333
b11111010 "
b1111100 !
#2251351302333
b11111010 "
b1111011 !
#2252017974333
b11111010 "
b1111010 !
#2252684646333
b11111010 "
b1111001 !
#2253351318333
b11111010 "
b1111000 !
#2254017990333
b11111010 "
b1110111 !
#2254684662333
b11111010 "
b1110110 !
#2255351334333
b11111010 "
b1110101 !
#2256018006333
b11111010 "
b1110100 !
#2256684678333
b11111010 "
b1110011 !
#2257351350333
b11111010 "
b1110010 !
#2258018022333
b11111010 "
b1110001 !
#2258684694333
b11111010 "
b1110000 !
#2259351366333
b11111010 "
b1101111 !
#2260018038333
b11111010 "
b1101110 !
#2260684710333
b11111010 "
b1101101 !
#2261351382333
b11111010 "
b1101100 !
#2262018054333
b11111010 "
b1101011 !
#2262684726333
b11111010 "
b1101010 !
#2263351398333
b11111010 "
b1101001 !
#2264018070333
b11111010 "
b1101000 !
#2264684742333
b11111010 "
b1100111 !
#2265351414333
b11111010 "
b1100110 !
#2266018086333
b11111010 "
b1100101 !
#2266684758333
b11111010 "
b1100100 !
#2267351430333
b11111010 "
b1100011 !
#2268018102333
b11111010 "
b1100010 !
#2268684774333
b11111010 "
b1100001 !
#2269351446333
b11111010 "
b1100000 !
#2270018118333
b11111010 "
b1011111 !
#2270684790333
b11111010 "
b1011110 !
#2271351462333
b11111010 "
b1011101 !
#2272018134333
b11111010 "
b1011100 !
#2272684806333
b11111010 "
b1011011 !
#2273351478333
b11111010 "
b1011010 !
#2274018150333
b11111010 "
b1011001 !
#2274684822333
b11111010 "
b1011000 !
#2275351494333
b11111010 "
b1010111 !
#2276018166333
b11111010 "
b1010110 !
#2276684838333
b11111010 "
b1010101 !
#2277351510333
b11111010 "
b1010100 !
#2278018182333
b11111010 "
b1010011 !
#2278684854333
b11111010 "
b1010010 !
#2279351526333
b11111010 "
b1010001 !
#2280018198333
b11111010 "
b1010000 !
#2280684870333
b11111010 "
b1001111 !
#2281351542333
b11111010 "
b1001110 !
#2282018214333
b11111010 "
b1001101 !
#2282684886333
b11111010 "
b1001100 !
#2283351558333
b11111010 "
b1001011 !
#2284018230333
b11111010 "
b1001010 !
#2284684902333
b11111010 "
b1001001 !
#2285351574333
b11111010 "
b1001000 !
#2286018246333
b11111010 "
b1000111 !
#2286684918333
b11111010 "
b1000110 !
#2287351590333
b11111010 "
b1000101 !
#2288018262333
b11111010 "
b1000100 !
#2288684934333
b11111010 "
b1000011 !
#2289351606333
b11111010 "
b1000010 !
#2290018278333
b11111010 "
b1000001 !
#2290684950333
b11111010 "
b1000000 !
#2291351622333
b11111010 "
b111111 !
#2292018294333
b11111010 "
b111110 !
#2292684966333
b11111010 "
b111101 !
#2293351638333
b11111010 "
b111100 !
#2294018310333
b11111010 "
b111011 !
#2294684982333
b11111010 "
b111010 !
#2295351654333
b11111010 "
b111001 !
#2296018326333
b11111010 "
b111000 !
#2296684998333
b11111010 "
b110111 !
#2297351670333
b11111010 "
b110110 !
#2298018342333
b11111010 "
b110101 !
#2298685014333
b11111010 "
b110100 !
#2299351686333
b11111010 "
b110011 !
#2300018358333
b11111010 "
b110010 !
#2300685030333
b11111010 "
b110001 !
#2301351702333
b11111010 "
b110000 !
#2302018374333
b11111010 "
b101111 !
#2302685046333
b11111010 "
b101110 !
#2303351718333
b11111010 "
b101101 !
#2304018390333
b11111010 "
b101100 !
#2304685062333
b11111010 "
b101011 !
#2305351734333
b11111010 "
b101010 !
#2306018406333
b11111010 "
b101001 !
#2306685078333
b11111010 "
b101000 !
#2307351750333
b11111010 "
b100111 !
#2308018422333
b11111010 "
b100110 !
#2308685094333
b11111010 "
b100101 !
#2309351766333
b11111010 "
b100100 !
#2310018438333
b11111010 "
b100011 !
#2310685110333
b11111010 "
b100010 !
#2311351782333
b11111010 "
b100001 !
#2312018454333
b11111010 "
b100000 !
#2312685126333
b11111010 "
b11111 !
#2313351798333
b11111010 "
b11110 !
#2314018470333
b11111010 "
b11101 !
#2314685142333
b11111010 "
b11100 !
#2315351814333
b11111010 "
b11011 !
#2316018486333
b11111010 "
b11010 !
#2316685158333
b11111010 "
b11001 !
#2317351830333
b11111010 "
b11000 !
#2318018502333
b11111010 "
b10111 !
#2318685174333
b11111010 "
b10110 !
#2319351846333
b11111010 "
b10101 !
#2320018518333
b11111010 "
b10100 !
#2320685190333
b11111010 "
b10011 !
#2321351862333
b11111010 "
b10010 !
#2322018534333
b11111010 "
b10001 !
#2322685206333
b11111010 "
b10000 !
#2323351878333
b11111010 "
b1111 !
#2324018550333
b11111010 "
b1110 !
#2324685222333
b11111010 "
b1101 !
#2325351894333
b11111010 "
b1100 !
#2326018566333
b11111010 "
b1011 !
#2326685238333
b11111010 "
b1010 !
#2327351910333
b11111010 "
b1001 !
#2328018582333
b11111010 "
b1000 !
#2328685254333
b11111010 "
b111 !
#2329351926333
b11111010 "
b110 !
#2330018598333
b11111010 "
b101 !
#2330685270333
b11111010 "
b100 !
#2331351942333
b11111010 "
b11 !
#2332018614333
b11111010 "
b10 !
#2332685286333
b11111010 "
b1 !
#2333351958333
b11111010 "
b0 !
#2334018630333
b1 #
b11111010 "
#2334685302333
b10 #
b11111010 "
#2335351974333
b11 #
b11111010 "
#2336018646333
b100 #
b11111010 "
#2336685318333
b101 #
b11111010 "
#2337351990333
b110 #
b11111010 "
#2338018662333
b111 #
b11111010 "
#2338685334333
b1000 #
b11111010 "
#2339352006333
b1001 #
b11111010 "
#2340018678333
b1010 #
b11111010 "
#2340685350333
b1011 #
b11111010 "
#2341352022333
b1100 #
b11111010 "
#2342018694333
b1101 #
b11111010 "
#2342685366333
b1110 #
b11111010 "
#2343352038333
b1111 #
b11111010 "
#2344018710333
b10000 #
b11111010 "
#2344685382333
b10001 #
b11111010 "
#2345352054333
b10010 #
b11111010 "
#2346018726333
b10011 #
b11111010 "
#2346685398333
b10100 #
b11111010 "
#2347352070333
b10101 #
b11111010 "
#2348018742333
b10110 #
b11111010 "
#2348685414333
b10111 #
b11111010 "
#2349352086333
b11000 #
b11111010 "
#2350018758333
b11001 #
b11111010 "
#2350685430333
b11010 #
b11111010 "
#2351352102333
b11011 #
b11111010 "
#2352018774333
b11100 #
b11111010 "
#2352685446333
b11101 #
b11111010 "
#2353352118333
b11110 #
b11111010 "
#2354018790333
b11111 #
b11111010 "
#2354685462333
b100000 #
b11111010 "
#2355352134333
b100001 #
b11111010 "
#2356018806333
b100010 #
b11111010 "
#2356685478333
b100011 #
b11111010 "
#2357352150333
b100100 #
b11111010 "
#2358018822333
b100101 #
b11111010 "
#2358685494333
b100110 #
b11111010 "
#2359352166333
b100111 #
b11111010 "
#2360018838333
b101000 #
b11111010 "
#2360685510333
b101001 #
b11111010 "
#2361352182333
b101010 #
b11111010 "
#2362018854333
b101011 #
b11111010 "
#2362685526333
b101100 #
b11111010 "
#2363352198333
b101101 #
b11111010 "
#2364018870333
b101110 #
b11111010 "
#2364685542333
b101111 #
b11111010 "
#2365352214333
b110000 #
b11111010 "
#2366018886333
b110001 #
b11111010 "
#2366685558333
b110010 #
b11111010 "
#2367352230333
b110011 #
b11111010 "
#2368018902333
b110100 #
b11111010 "
#2368685574333
b110101 #
b11111010 "
#2369352246333
b110110 #
b11111010 "
#2370018918333
b110111 #
b11111010 "
#2370685590333
b111000 #
b11111010 "
#2371352262333
b111001 #
b11111010 "
#2372018934333
b111010 #
b11111010 "
#2372685606333
b111011 #
b11111010 "
#2373352278333
b111100 #
b11111010 "
#2374018950333
b111101 #
b11111010 "
#2374685622333
b111110 #
b11111010 "
#2375352294333
b111111 #
b11111010 "
#2376018966333
b1000000 #
b11111010 "
#2376685638333
b1000001 #
b11111010 "
#2377352310333
b1000010 #
b11111010 "
#2378018982333
b1000011 #
b11111010 "
#2378685654333
b1000100 #
b11111010 "
#2379352326333
b1000101 #
b11111010 "
#2380018998333
b1000110 #
b11111010 "
#2380685670333
b1000111 #
b11111010 "
#2381352342333
b1001000 #
b11111010 "
#2382019014333
b1001001 #
b11111010 "
#2382685686333
b1001010 #
b11111010 "
#2383352358333
b1001011 #
b11111010 "
#2384019030333
b1001100 #
b11111010 "
#2384685702333
b1001101 #
b11111010 "
#2385352374333
b1001110 #
b11111010 "
#2386019046333
b1001111 #
b11111010 "
#2386685718333
b1010000 #
b11111010 "
#2387352390333
b1010001 #
b11111010 "
#2388019062333
b1010010 #
b11111010 "
#2388685734333
b1010011 #
b11111010 "
#2389352406333
b1010100 #
b11111010 "
#2390019078333
b1010101 #
b11111010 "
#2390685750333
b1010110 #
b11111010 "
#2391352422333
b1010111 #
b11111010 "
#2392019094333
b1011000 #
b11111010 "
#2392685766333
b1011001 #
b11111010 "
#2393352438333
b1011010 #
b11111010 "
#2394019110333
b1011011 #
b11111010 "
#2394685782333
b1011100 #
b11111010 "
#2395352454333
b1011101 #
b11111010 "
#2396019126333
b1011110 #
b11111010 "
#2396685798333
b1011111 #
b11111010 "
#2397352470333
b1100000 #
b11111010 "
#2398019142333
b1100001 #
b11111010 "
#2398685814333
b1100010 #
b11111010 "
#2399352486333
b1100011 #
b11111010 "
#2400019158333
b1100100 #
b11111010 "
#2400685830333
b1100101 #
b11111010 "
#2401352502333
b1100110 #
b11111010 "
#2402019174333
b1100111 #
b11111010 "
#2402685846333
b1101000 #
b11111010 "
#2403352518333
b1101001 #
b11111010 "
#2404019190333
b1101010 #
b11111010 "
#2404685862333
b1101011 #
b11111010 "
#2405352534333
b1101100 #
b11111010 "
#2406019206333
b1101101 #
b11111010 "
#2406685878333
b1101110 #
b11111010 "
#2407352550333
b1101111 #
b11111010 "
#2408019222333
b1110000 #
b11111010 "
#2408685894333
b1110001 #
b11111010 "
#2409352566333
b1110010 #
b11111010 "
#2410019238333
b1110011 #
b11111010 "
#2410685910333
b1110100 #
b11111010 "
#2411352582333
b1110101 #
b11111010 "
#2412019254333
b1110110 #
b11111010 "
#2412685926333
b1110111 #
b11111010 "
#2413352598333
b1111000 #
b11111010 "
#2414019270333
b1111001 #
b11111010 "
#2414685942333
b1111010 #
b11111010 "
#2415352614333
b1111011 #
b11111010 "
#2416019286333
b1111100 #
b11111010 "
#2416685958333
b1111101 #
b11111010 "
#2417352630333
b1111110 #
b11111010 "
#2418019302333
b1111111 #
b11111010 "
#2418685974333
b10000000 #
b11111010 "
#2419352646333
b10000001 #
b11111010 "
#2420019318333
b10000010 #
b11111010 "
#2420685990333
b10000011 #
b11111010 "
#2421352662333
b10000100 #
b11111010 "
#2422019334333
b10000101 #
b11111010 "
#2422686006333
b10000110 #
b11111010 "
#2423352678333
b10000111 #
b11111010 "
#2424019350333
b10001000 #
b11111010 "
#2424686022333
b10001001 #
b11111010 "
#2425352694333
b10001010 #
b11111010 "
#2426019366333
b10001011 #
b11111010 "
#2426686038333
b10001100 #
b11111010 "
#2427352710333
b10001101 #
b11111010 "
#2428019382333
b10001110 #
b11111010 "
#2428686054333
b10001111 #
b11111010 "
#2429352726333
b10010000 #
b11111010 "
#2430019398333
b10010001 #
b11111010 "
#2430686070333
b10010010 #
b11111010 "
#2431352742333
b10010011 #
b11111010 "
#2432019414333
b10010100 #
b11111010 "
#2432686086333
b10010101 #
b11111010 "
#2433352758333
b10010110 #
b11111010 "
#2434019430333
b10010111 #
b11111010 "
#2434686102333
b10011000 #
b11111010 "
#2435352774333
b10011001 #
b11111010 "
#2436019446333
b10011010 #
b11111010 "
#2436686118333
b10011011 #
b11111010 "
#2437352790333
b10011100 #
b11111010 "
#2438019462333
b10011101 #
b11111010 "
#2438686134333
b10011110 #
b11111010 "
#2439352806333
b10011111 #
b11111010 "
#2440019478333
b10100000 #
b11111010 "
#2440686150333
b10100001 #
b11111010 "
#2441352822333
b10100010 #
b11111010 "
#2442019494333
b10100011 #
b11111010 "
#2442686166333
b10100100 #
b11111010 "
#2443352838333
b10100101 #
b11111010 "
#2444019510333
b10100110 #
b11111010 "
#2444686182333
b10100111 #
b11111010 "
#2445352854333
b10101000 #
b11111010 "
#2446019526333
b10101001 #
b11111010 "
#2446686198333
b10101010 #
b11111010 "
#2447352870333
b10101011 #
b11111010 "
#2448019542333
b10101100 #
b11111010 "
#2448686214333
b10101101 #
b11111010 "
#2449352886333
b10101110 #
b11111010 "
#2450019558333
b10101111 #
b11111010 "
#2450686230333
b10110000 #
b11111010 "
#2451352902333
b10110001 #
b11111010 "
#2452019574333
b10110010 #
b11111010 "
#2452686246333
b10110011 #
b11111010 "
#2453352918333
b10110100 #
b11111010 "
#2454019590333
b10110101 #
b11111010 "
#2454686262333
b10110110 #
b11111010 "
#2455352934333
b10110111 #
b11111010 "
#2456019606333
b10111000 #
b11111010 "
#2456686278333
b10111001 #
b11111010 "
#2457352950333
b10111010 #
b11111010 "
#2458019622333
b10111011 #
b11111010 "
#2458686294333
b10111100 #
b11111010 "
#2459352966333
b10111101 #
b11111010 "
#2460019638333
b10111110 #
b11111010 "
#2460686310333
b10111111 #
b11111010 "
#2461352982333
b11000000 #
b11111010 "
#2462019654333
b11000001 #
b11111010 "
#2462686326333
b11000010 #
b11111010 "
#2463352998333
b11000011 #
b11111010 "
#2464019670333
b11000100 #
b11111010 "
#2464686342333
b11000101 #
b11111010 "
#2465353014333
b11000110 #
b11111010 "
#2466019686333
b11000111 #
b11111010 "
#2466686358333
b11001000 #
b11111010 "
#2467353030333
b11001001 #
b11111010 "
#2468019702333
b11001010 #
b11111010 "
#2468686374333
b11001011 #
b11111010 "
#2469353046333
b11001100 #
b11111010 "
#2470019718333
b11001101 #
b11111010 "
#2470686390333
b11001110 #
b11111010 "
#2471353062333
b11001111 #
b11111010 "
#2472019734333
b11010000 #
b11111010 "
#2472686406333
b11010001 #
b11111010 "
#2473353078333
b11010010 #
b11111010 "
#2474019750333
b11010011 #
b11111010 "
#2474686422333
b11010100 #
b11111010 "
#2475353094333
b11010101 #
b11111010 "
#2476019766333
b11010110 #
b11111010 "
#2476686438333
b11010111 #
b11111010 "
#2477353110333
b11011000 #
b11111010 "
#2478019782333
b11011001 #
b11111010 "
#2478686454333
b11011010 #
b11111010 "
#2479353126333
b11011011 #
b11111010 "
#2480019798333
b11011100 #
b11111010 "
#2480686470333
b11011101 #
b11111010 "
#2481353142333
b11011110 #
b11111010 "
#2482019814333
b11011111 #
b11111010 "
#2482686486333
b11100000 #
b11111010 "
#2483353158333
b11100001 #
b11111010 "
#2484019830333
b11100010 #
b11111010 "
#2484686502333
b11100011 #
b11111010 "
#2485353174333
b11100100 #
b11111010 "
#2486019846333
b11100101 #
b11111010 "
#2486686518333
b11100110 #
b11111010 "
#2487353190333
b11100111 #
b11111010 "
#2488019862333
b11101000 #
b11111010 "
#2488686534333
b11101001 #
b11111010 "
#2489353206333
b11101010 #
b11111010 "
#2490019878333
b11101011 #
b11111010 "
#2490686550333
b11101100 #
b11111010 "
#2491353222333
b11101101 #
b11111010 "
#2492019894333
b11101110 #
b11111010 "
#2492686566333
b11101111 #
b11111010 "
#2493353238333
b11110000 #
b11111010 "
#2494019910333
b11110001 #
b11111010 "
#2494686582333
b11110010 #
b11111010 "
#2495353254333
b11110011 #
b11111010 "
#2496019926333
b11110100 #
b11111010 "
#2496686598333
b11110101 #
b11111010 "
#2497353270333
b11110110 #
b11111010 "
#2498019942333
b11110111 #
b11111010 "
#2498686614333
b11111000 #
b11111010 "
#2499353286333
b11111001 #
b11111010 "
#2500019958333
b11111010 #
b11111010 "
#2500686630333
b11111010 #
b11111001 "
#2501353302333
b11111010 #
b11111000 "
#2502019974333
b11111010 #
b11110111 "
#2502686646333
b11111010 #
b11110110 "
#2503353318333
b11111010 #
b11110101 "
#2504019990333
b11111010 #
b11110100 "
#2504686662333
b11111010 #
b11110011 "
#2505353334333
b11111010 #
b11110010 "
#2506020006333
b11111010 #
b11110001 "
#2506686678333
b11111010 #
b11110000 "
#2507353350333
b11111010 #
b11101111 "
#2508020022333
b11111010 #
b11101110 "
#2508686694333
b11111010 #
b11101101 "
#2509353366333
b11111010 #
b11101100 "
#2510020038333
b11111010 #
b11101011 "
#2510686710333
b11111010 #
b11101010 "
#2511353382333
b11111010 #
b11101001 "
#2512020054333
b11111010 #
b11101000 "
#2512686726333
b11111010 #
b11100111 "
#2513353398333
b11111010 #
b11100110 "
#2514020070333
b11111010 #
b11100101 "
#2514686742333
b11111010 #
b11100100 "
#2515353414333
b11111010 #
b11100011 "
#2516020086333
b11111010 #
b11100010 "
#2516686758333
b11111010 #
b11100001 "
#2517353430333
b11111010 #
b11100000 "
#2518020102333
b11111010 #
b11011111 "
#2518686774333
b11111010 #
b11011110 "
#2519353446333
b11111010 #
b11011101 "
#2520020118333
b11111010 #
b11011100 "
#2520686790333
b11111010 #
b11011011 "
#2521353462333
b11111010 #
b11011010 "
#2522020134333
b11111010 #
b11011001 "
#2522686806333
b11111010 #
b11011000 "
#2523353478333
b11111010 #
b11010111 "
#2524020150333
b11111010 #
b11010110 "
#2524686822333
b11111010 #
b11010101 "
#2525353494333
b11111010 #
b11010100 "
#2526020166333
b11111010 #
b11010011 "
#2526686838333
b11111010 #
b11010010 "
#2527353510333
b11111010 #
b11010001 "
#2528020182333
b11111010 #
b11010000 "
#2528686854333
b11111010 #
b11001111 "
#2529353526333
b11111010 #
b11001110 "
#2530020198333
b11111010 #
b11001101 "
#2530686870333
b11111010 #
b11001100 "
#2531353542333
b11111010 #
b11001011 "
#2532020214333
b11111010 #
b11001010 "
#2532686886333
b11111010 #
b11001001 "
#2533353558333
b11111010 #
b11001000 "
#2534020230333
b11111010 #
b11000111 "
#2534686902333
b11111010 #
b11000110 "
#2535353574333
b11111010 #
b11000101 "
#2536020246333
b11111010 #
b11000100 "
#2536686918333
b11111010 #
b11000011 "
#2537353590333
b11111010 #
b11000010 "
#2538020262333
b11111010 #
b11000001 "
#2538686934333
b11111010 #
b11000000 "
#2539353606333
b11111010 #
b10111111 "
#2540020278333
b11111010 #
b10111110 "
#2540686950333
b11111010 #
b10111101 "
#2541353622333
b11111010 #
b10111100 "
#2542020294333
b11111010 #
b10111011 "
#2542686966333
b11111010 #
b10111010 "
#2543353638333
b11111010 #
b10111001 "
#2544020310333
b11111010 #
b10111000 "
#2544686982333
b11111010 #
b10110111 "
#2545353654333
b11111010 #
b10110110 "
#2546020326333
b11111010 #
b10110101 "
#2546686998333
b11111010 #
b10110100 "
#2547353670333
b11111010 #
b10110011 "
#2548020342333
b11111010 #
b10110010 "
#2548687014333
b11111010 #
b10110001 "
#2549353686333
b11111010 #
b10110000 "
#2550020358333
b11111010 #
b10101111 "
#2550687030333
b11111010 #
b10101110 "
#2551353702333
b11111010 #
b10101101 "
#2552020374333
b11111010 #
b10101100 "
#2552687046333
b11111010 #
b10101011 "
#2553353718333
b11111010 #
b10101010 "
#2554020390333
b11111010 #
b10101001 "
#2554687062333
b11111010 #
b10101000 "
#2555353734333
b11111010 #
b10100111 "
#2556020406333
b11111010 #
b10100110 "
#2556687078333
b11111010 #
b10100101 "
#2557353750333
b11111010 #
b10100100 "
#2558020422333
b11111010 #
b10100011 "
#2558687094333
b11111010 #
b10100010 "
#2559353766333
b11111010 #
b10100001 "
#2560020438333
b11111010 #
b10100000 "
#2560687110333
b11111010 #
b10011111 "
#2561353782333
b11111010 #
b10011110 "
#2562020454333
b11111010 #
b10011101 "
#2562687126333
b11111010 #
b10011100 "
#2563353798333
b11111010 #
b10011011 "
#2564020470333
b11111010 #
b10011010 "
#2564687142333
b11111010 #
b10011001 "
#2565353814333
b11111010 #
b10011000 "
#2566020486333
b11111010 #
b10010111 "
#2566687158333
b11111010 #
b10010110 "
#2567353830333
b11111010 #
b10010101 "
#2568020502333
b11111010 #
b10010100 "
#2568687174333
b11111010 #
b10010011 "
#2569353846333
b11111010 #
b10010010 "
#2570020518333
b11111010 #
b10010001 "
#2570687190333
b11111010 #
b10010000 "
#2571353862333
b11111010 #
b10001111 "
#2572020534333
b11111010 #
b10001110 "
#2572687206333
b11111010 #
b10001101 "
#2573353878333
b11111010 #
b10001100 "
#2574020550333
b11111010 #
b10001011 "
#2574687222333
b11111010 #
b10001010 "
#2575353894333
b11111010 #
b10001001 "
#2576020566333
b11111010 #
b10001000 "
#2576687238333
b11111010 #
b10000111 "
#2577353910333
b11111010 #
b10000110 "
#2578020582333
b11111010 #
b10000101 "
#2578687254333
b11111010 #
b10000100 "
#2579353926333
b11111010 #
b10000011 "
#2580020598333
b11111010 #
b10000010 "
#2580687270333
b11111010 #
b10000001 "
#2581353942333
b11111010 #
b10000000 "
#2582020614333
b11111010 #
b1111111 "
#2582687286333
b11111010 #
b1111110 "
#2583353958333
b11111010 #
b1111101 "
#2584020630333
b11111010 #
b1111100 "
#2584687302333
b11111010 #
b1111011 "
#2585353974333
b11111010 #
b1111010 "
#2586020646333
b11111010 #
b1111001 "
#2586687318333
b11111010 #
b1111000 "
#2587353990333
b11111010 #
b1110111 "
#2588020662333
b11111010 #
b1110110 "
#2588687334333
b11111010 #
b1110101 "
#2589354006333
b11111010 #
b1110100 "
#2590020678333
b11111010 #
b1110011 "
#2590687350333
b11111010 #
b1110010 "
#2591354022333
b11111010 #
b1110001 "
#2592020694333
b11111010 #
b1110000 "
#2592687366333
b11111010 #
b1101111 "
#2593354038333
b11111010 #
b1101110 "
#2594020710333
b11111010 #
b1101101 "
#2594687382333
b11111010 #
b1101100 "
#2595354054333
b11111010 #
b1101011 "
#2596020726333
b11111010 #
b1101010 "
#2596687398333
b11111010 #
b1101001 "
#2597354070333
b11111010 #
b1101000 "
#2598020742333
b11111010 #
b1100111 "
#2598687414333
b11111010 #
b1100110 "
#2599354086333
b11111010 #
b1100101 "
#2600020758333
b11111010 #
b1100100 "
#2600687430333
b11111010 #
b1100011 "
#2601354102333
b11111010 #
b1100010 "
#2602020774333
b11111010 #
b1100001 "
#2602687446333
b11111010 #
b1100000 "
#2603354118333
b11111010 #
b1011111 "
#2604020790333
b11111010 #
b1011110 "
#2604687462333
b11111010 #
b1011101 "
#2605354134333
b11111010 #
b1011100 "
#2606020806333
b11111010 #
b1011011 "
#2606687478333
b11111010 #
b1011010 "
#2607354150333
b11111010 #
b1011001 "
#2608020822333
b11111010 #
b1011000 "
#2608687494333
b11111010 #
b1010111 "
#2609354166333
b11111010 #
b1010110 "
#2610020838333
b11111010 #
b1010101 "
#2610687510333
b11111010 #
b1010100 "
#2611354182333
b11111010 #
b1010011 "
#2612020854333
b11111010 #
b1010010 "
#2612687526333
b11111010 #
b1010001 "
#2613354198333
b11111010 #
b1010000 "
#2614020870333
b11111010 #
b1001111 "
#2614687542333
b11111010 #
b1001110 "
#2615354214333
b11111010 #
b1001101 "
#2616020886333
b11111010 #
b1001100 "
#2616687558333
b11111010 #
b1001011 "
#2617354230333
b11111010 #
b1001010 "
#2618020902333
b11111010 #
b1001001 "
#2618687574333
b11111010 #
b1001000 "
#2619354246333
b11111010 #
b1000111 "
#2620020918333
b11111010 #
b1000110 "
#2620687590333
b11111010 #
b1000101 "
#2621354262333
b11111010 #
b1000100 "
#2622020934333
b11111010 #
b1000011 "
#2622687606333
b11111010 #
b1000010 "
#2623354278333
b11111010 #
b1000001 "
#2624020950333
b11111010 #
b1000000 "
#2624687622333
b11111010 #
b111111 "
#2625354294333
b11111010 #
b111110 "
#2626020966333
b11111010 #
b111101 "
#2626687638333
b11111010 #
b111100 "
#2627354310333
b11111010 #
b111011 "
#2628020982333
b11111010 #
b111010 "
#2628687654333
b11111010 #
b111001 "
#2629354326333
b11111010 #
b111000 "
#2630020998333
b11111010 #
b110111 "
#2630687670333
b11111010 #
b110110 "
#2631354342333
b11111010 #
b110101 "
#2632021014333
b11111010 #
b110100 "
#2632687686333
b11111010 #
b110011 "
#2633354358333
b11111010 #
b110010 "
#2634021030333
b11111010 #
b110001 "
#2634687702333
b11111010 #
b110000 "
#2635354374333
b11111010 #
b101111 "
#2636021046333
b11111010 #
b101110 "
#2636687718333
b11111010 #
b101101 "
#2637354390333
b11111010 #
b101100 "
#2638021062333
b11111010 #
b101011 "
#2638687734333
b11111010 #
b101010 "
#2639354406333
b11111010 #
b101001 "
#2640021078333
b11111010 #
b101000 "
#2640687750333
b11111010 #
b100111 "
#2641354422333
b11111010 #
b100110 "
#2642021094333
b11111010 #
b100101 "
#2642687766333
b11111010 #
b100100 "
#2643354438333
b11111010 #
b100011 "
#2644021110333
b11111010 #
b100010 "
#2644687782333
b11111010 #
b100001 "
#2645354454333
b11111010 #
b100000 "
#2646021126333
b11111010 #
b11111 "
#2646687798333
b11111010 #
b11110 "
#2647354470333
b11111010 #
b11101 "
#2648021142333
b11111010 #
b11100 "
#2648687814333
b11111010 #
b11011 "
#2649354486333
b11111010 #
b11010 "
#2650021158333
b11111010 #
b11001 "
#2650687830333
b11111010 #
b11000 "
#2651354502333
b11111010 #
b10111 "
#2652021174333
b11111010 #
b10110 "
#2652687846333
b11111010 #
b10101 "
#2653354518333
b11111010 #
b10100 "
#2654021190333
b11111010 #
b10011 "
#2654687862333
b11111010 #
b10010 "
#2655354534333
b11111010 #
b10001 "
#2656021206333
b11111010 #
b10000 "
#2656687878333
b11111010 #
b1111 "
#2657354550333
b11111010 #
b1110 "
#2658021222333
b11111010 #
b1101 "
#2658687894333
b11111010 #
b1100 "
#2659354566333
b11111010 #
b1011 "
#2660021238333
b11111010 #
b1010 "
#2660687910333
b11111010 #
b1001 "
#2661354582333
b11111010 #
b1000 "
#2662021254333
b11111010 #
b111 "
#2662687926333
b11111010 #
b110 "
#2663354598333
b11111010 #
b101 "
#2664021270333
b11111010 #
b100 "
#2664687942333
b11111010 #
b11 "
#2665354614333
b11111010 #
b10 "
#2666021286333
b11111010 #
b1 "
#2666687958333
b11111010 #
b0 "
#2667354630333
b1 !
b11111010 #
#2668021302333
b11111010 #
b10 !
#2668687974333
b11111010 #
b11 !
#2669354646333
b11111010 #
b100 !
#2670021318333
b11111010 #
b101 !
#2670687990333
b11111010 #
b110 !
#2671354662333
b11111010 #
b111 !
#2672021334333
b11111010 #
b1000 !
#2672688006333
b11111010 #
b1001 !
#2673354678333
b11111010 #
b1010 !
#2674021350333
b11111010 #
b1011 !
#2674688022333
b11111010 #
b1100 !
#2675354694333
b11111010 #
b1101 !
#2676021366333
b11111010 #
b1110 !
#2676688038333
b11111010 #
b1111 !
#2677354710333
b11111010 #
b10000 !
#2678021382333
b11111010 #
b10001 !
#2678688054333
b11111010 #
b10010 !
#2679354726333
b11111010 #
b10011 !
#2680021398333
b11111010 #
b10100 !
#2680688070333
b11111010 #
b10101 !
#2681354742333
b11111010 #
b10110 !
#2682021414333
b11111010 #
b10111 !
#2682688086333
b11111010 #
b11000 !
#2683354758333
b11111010 #
b11001 !
#2684021430333
b11111010 #
b11010 !
#2684688102333
b11111010 #
b11011 !
#2685354774333
b11111010 #
b11100 !
#2686021446333
b11111010 #
b11101 !
#2686688118333
b11111010 #
b11110 !
#2687354790333
b11111010 #
b11111 !
#2688021462333
b11111010 #
b100000 !
#2688688134333
b11111010 #
b100001 !
#2689354806333
b11111010 #
b100010 !
#2690021478333
b11111010 #
b100011 !
#2690688150333
b11111010 #
b100100 !
#2691354822333
b11111010 #
b100101 !
#2692021494333
b11111010 #
b100110 !
#2692688166333
b11111010 #
b100111 !
#2693354838333
b11111010 #
b101000 !
#2694021510333
b11111010 #
b101001 !
#2694688182333
b11111010 #
b101010 !
#2695354854333
b11111010 #
b101011 !
#2696021526333
b11111010 #
b101100 !
#2696688198333
b11111010 #
b101101 !
#2697354870333
b11111010 #
b101110 !
#2698021542333
b11111010 #
b101111 !
#2698688214333
b11111010 #
b110000 !
#2699354886333
b11111010 #
b110001 !
#2700021558333
b11111010 #
b110010 !
#2700688230333
b11111010 #
b110011 !
#2701354902333
b11111010 #
b110100 !
#2702021574333
b11111010 #
b110101 !
#2702688246333
b11111010 #
b110110 !
#2703354918333
b11111010 #
b110111 !
#2704021590333
b11111010 #
b111000 !
#2704688262333
b11111010 #
b111001 !
#2705354934333
b11111010 #
b111010 !
#2706021606333
b11111010 #
b111011 !
#2706688278333
b11111010 #
b111100 !
#2707354950333
b11111010 #
b111101 !
#2708021622333
b11111010 #
b111110 !
#2708688294333
b11111010 #
b111111 !
#2709354966333
b11111010 #
b1000000 !
#2710021638333
b11111010 #
b1000001 !
#2710688310333
b11111010 #
b1000010 !
#2711354982333
b11111010 #
b1000011 !
#2712021654333
b11111010 #
b1000100 !
#2712688326333
b11111010 #
b1000101 !
#2713354998333
b11111010 #
b1000110 !
#2714021670333
b11111010 #
b1000111 !
#2714688342333
b11111010 #
b1001000 !
#2715355014333
b11111010 #
b1001001 !
#2716021686333
b11111010 #
b1001010 !
#2716688358333
b11111010 #
b1001011 !
#2717355030333
b11111010 #
b1001100 !
#2718021702333
b11111010 #
b1001101 !
#2718688374333
b11111010 #
b1001110 !
#2719355046333
b11111010 #
b1001111 !
#2720021718333
b11111010 #
b1010000 !
#2720688390333
b11111010 #
b1010001 !
#2721355062333
b11111010 #
b1010010 !
#2722021734333
b11111010 #
b1010011 !
#2722688406333
b11111010 #
b1010100 !
#2723355078333
b11111010 #
b1010101 !
#2724021750333
b11111010 #
b1010110 !
#2724688422333
b11111010 #
b1010111 !
#2725355094333
b11111010 #
b1011000 !
#2726021766333
b11111010 #
b1011001 !
#2726688438333
b11111010 #
b1011010 !
#2727355110333
b11111010 #
b1011011 !
#2728021782333
b11111010 #
b1011100 !
#2728688454333
b11111010 #
b1011101 !
#2729355126333
b11111010 #
b1011110 !
#2730021798333
b11111010 #
b1011111 !
#2730688470333
b11111010 #
b1100000 !
#2731355142333
b11111010 #
b1100001 !
#2732021814333
b11111010 #
b1100010 !
#2732688486333
b11111010 #
b1100011 !
#2733355158333
b11111010 #
b1100100 !
#2734021830333
b11111010 #
b1100101 !
#2734688502333
b11111010 #
b1100110 !
#2735355174333
b11111010 #
b1100111 !
#2736021846333
b11111010 #
b1101000 !
#2736688518333
b11111010 #
b1101001 !
#2737355190333
b11111010 #
b1101010 !
#2738021862333
b11111010 #
b1101011 !
#2738688534333
b11111010 #
b1101100 !
#2739355206333
b11111010 #
b1101101 !
#2740021878333
b11111010 #
b1101110 !
#2740688550333
b11111010 #
b1101111 !
#2741355222333
b11111010 #
b1110000 !
#2742021894333
b11111010 #
b1110001 !
#2742688566333
b11111010 #
b1110010 !
#2743355238333
b11111010 #
b1110011 !
#2744021910333
b11111010 #
b1110100 !
#2744688582333
b11111010 #
b1110101 !
#2745355254333
b11111010 #
b1110110 !
#2746021926333
b11111010 #
b1110111 !
#2746688598333
b11111010 #
b1111000 !
#2747355270333
b11111010 #
b1111001 !
#2748021942333
b11111010 #
b1111010 !
#2748688614333
b11111010 #
b1111011 !
#2749355286333
b11111010 #
b1111100 !
#2750021958333
b11111010 #
b1111101 !
#2750688630333
b11111010 #
b1111110 !
#2751355302333
b11111010 #
b1111111 !
#2752021974333
b11111010 #
b10000000 !
#2752688646333
b11111010 #
b10000001 !
#2753355318333
b11111010 #
b10000010 !
#2754021990333
b11111010 #
b10000011 !
#2754688662333
b11111010 #
b10000100 !
#2755355334333
b11111010 #
b10000101 !
#2756022006333
b11111010 #
b10000110 !
#2756688678333
b11111010 #
b10000111 !
#2757355350333
b11111010 #
b10001000 !
#2758022022333
b11111010 #
b10001001 !
#2758688694333
b11111010 #
b10001010 !
#2759355366333
b11111010 #
b10001011 !
#2760022038333
b11111010 #
b10001100 !
#2760688710333
b11111010 #
b10001101 !
#2761355382333
b11111010 #
b10001110 !
#2762022054333
b11111010 #
b10001111 !
#2762688726333
b11111010 #
b10010000 !
#2763355398333
b11111010 #
b10010001 !
#2764022070333
b11111010 #
b10010010 !
#2764688742333
b11111010 #
b10010011 !
#2765355414333
b11111010 #
b10010100 !
#2766022086333
b11111010 #
b10010101 !
#2766688758333
b11111010 #
b10010110 !
#2767355430333
b11111010 #
b10010111 !
#2768022102333
b11111010 #
b10011000 !
#2768688774333
b11111010 #
b10011001 !
#2769355446333
b11111010 #
b10011010 !
#2770022118333
b11111010 #
b10011011 !
#2770688790333
b11111010 #
b10011100 !
#2771355462333
b11111010 #
b10011101 !
#2772022134333
b11111010 #
b10011110 !
#2772688806333
b11111010 #
b10011111 !
#2773355478333
b11111010 #
b10100000 !
#2774022150333
b11111010 #
b10100001 !
#2774688822333
b11111010 #
b10100010 !
#2775355494333
b11111010 #
b10100011 !
#2776022166333
b11111010 #
b10100100 !
#2776688838333
b11111010 #
b10100101 !
#2777355510333
b11111010 #
b10100110 !
#2778022182333
b11111010 #
b10100111 !
#2778688854333
b11111010 #
b10101000 !
#2779355526333
b11111010 #
b10101001 !
#2780022198333
b11111010 #
b10101010 !
#2780688870333
b11111010 #
b10101011 !
#2781355542333
b11111010 #
b10101100 !
#2782022214333
b11111010 #
b10101101 !
#2782688886333
b11111010 #
b10101110 !
#2783355558333
b11111010 #
b10101111 !
#2784022230333
b11111010 #
b10110000 !
#2784688902333
b11111010 #
b10110001 !
#2785355574333
b11111010 #
b10110010 !
#2786022246333
b11111010 #
b10110011 !
#2786688918333
b11111010 #
b10110100 !
#2787355590333
b11111010 #
b10110101 !
#2788022262333
b11111010 #
b10110110 !
#2788688934333
b11111010 #
b10110111 !
#2789355606333
b11111010 #
b10111000 !
#2790022278333
b11111010 #
b10111001 !
#2790688950333
b11111010 #
b10111010 !
#2791355622333
b11111010 #
b10111011 !
#2792022294333
b11111010 #
b10111100 !
#2792688966333
b11111010 #
b10111101 !
#2793355638333
b11111010 #
b10111110 !
#2794022310333
b11111010 #
b10111111 !
#2794688982333
b11111010 #
b11000000 !
#2795355654333
b11111010 #
b11000001 !
#2796022326333
b11111010 #
b11000010 !
#2796688998333
b11111010 #
b11000011 !
#2797355670333
b11111010 #
b11000100 !
#2798022342333
b11111010 #
b11000101 !
#2798689014333
b11111010 #
b11000110 !
#2799355686333
b11111010 #
b11000111 !
#2800022358333
b11111010 #
b11001000 !
#2800689030333
b11111010 #
b11001001 !
#2801355702333
b11111010 #
b11001010 !
#2802022374333
b11111010 #
b11001011 !
#2802689046333
b11111010 #
b11001100 !
#2803355718333
b11111010 #
b11001101 !
#2804022390333
b11111010 #
b11001110 !
#2804689062333
b11111010 #
b11001111 !
#2805355734333
b11111010 #
b11010000 !
#2806022406333
b11111010 #
b11010001 !
#2806689078333
b11111010 #
b11010010 !
#2807355750333
b11111010 #
b11010011 !
#2808022422333
b11111010 #
b11010100 !
#2808689094333
b11111010 #
b11010101 !
#2809355766333
b11111010 #
b11010110 !
#2810022438333
b11111010 #
b11010111 !
#2810689110333
b11111010 #
b11011000 !
#2811355782333
b11111010 #
b11011001 !
#2812022454333
b11111010 #
b11011010 !
#2812689126333
b11111010 #
b11011011 !
#2813355798333
b11111010 #
b11011100 !
#2814022470333
b11111010 #
b11011101 !
#2814689142333
b11111010 #
b11011110 !
#2815355814333
b11111010 #
b11011111 !
#2816022486333
b11111010 #
b11100000 !
#2816689158333
b11111010 #
b11100001 !
#2817355830333
b11111010 #
b11100010 !
#2818022502333
b11111010 #
b11100011 !
#2818689174333
b11111010 #
b11100100 !
#2819355846333
b11111010 #
b11100101 !
#2820022518333
b11111010 #
b11100110 !
#2820689190333
b11111010 #
b11100111 !
#2821355862333
b11111010 #
b11101000 !
#2822022534333
b11111010 #
b11101001 !
#2822689206333
b11111010 #
b11101010 !
#2823355878333
b11111010 #
b11101011 !
#2824022550333
b11111010 #
b11101100 !
#2824689222333
b11111010 #
b11101101 !
#2825355894333
b11111010 #
b11101110 !
#2826022566333
b11111010 #
b11101111 !
#2826689238333
b11111010 #
b11110000 !
#2827355910333
b11111010 #
b11110001 !
#2828022582333
b11111010 #
b11110010 !
#2828689254333
b11111010 #
b11110011 !
#2829355926333
b11111010 #
b11110100 !
#2830022598333
b11111010 #
b11110101 !
#2830689270333
b11111010 #
b11110110 !
#2831355942333
b11111010 #
b11110111 !
#2832022614333
b11111010 #
b11111000 !
#2832689286333
b11111010 #
b11111001 !
#2833355958333
b11111010 #
b11111010 !
#2834022630333
b11111001 #
b11111010 !
#2834689302333
b11111000 #
b11111010 !
#2835355974333
b11110111 #
b11111010 !
#2836022646333
b11110110 #
b11111010 !
#2836689318333
b11110101 #
b11111010 !
#2837355990333
b11110100 #
b11111010 !
#2838022662333
b11110011 #
b11111010 !
#2838689334333
b11110010 #
b11111010 !
#2839356006333
b11110001 #
b11111010 !
#2840022678333
b11110000 #
b11111010 !
#2840689350333
b11101111 #
b11111010 !
#2841356022333
b11101110 #
b11111010 !
#2842022694333
b11101101 #
b11111010 !
#2842689366333
b11101100 #
b11111010 !
#2843356038333
b11101011 #
b11111010 !
#2844022710333
b11101010 #
b11111010 !
#2844689382333
b11101001 #
b11111010 !
#2845356054333
b11101000 #
b11111010 !
#2846022726333
b11100111 #
b11111010 !
#2846689398333
b11100110 #
b11111010 !
#2847356070333
b11100101 #
b11111010 !
#2848022742333
b11100100 #
b11111010 !
#2848689414333
b11100011 #
b11111010 !
#2849356086333
b11100010 #
b11111010 !
#2850022758333
b11100001 #
b11111010 !
#2850689430333
b11100000 #
b11111010 !
#2851356102333
b11011111 #
b11111010 !
#2852022774333
b11011110 #
b11111010 !
#2852689446333
b11011101 #
b11111010 !
#2853356118333
b11011100 #
b11111010 !
#2854022790333
b11011011 #
b11111010 !
#2854689462333
b11011010 #
b11111010 !
#2855356134333
b11011001 #
b11111010 !
#2856022806333
b11011000 #
b11111010 !
#2856689478333
b11010111 #
b11111010 !
#2857356150333
b11010110 #
b11111010 !
#2858022822333
b11010101 #
b11111010 !
#2858689494333
b11010100 #
b11111010 !
#2859356166333
b11010011 #
b11111010 !
#2860022838333
b11010010 #
b11111010 !
#2860689510333
b11010001 #
b11111010 !
#2861356182333
b11010000 #
b11111010 !
#2862022854333
b11001111 #
b11111010 !
#2862689526333
b11001110 #
b11111010 !
#2863356198333
b11001101 #
b11111010 !
#2864022870333
b11001100 #
b11111010 !
#2864689542333
b11001011 #
b11111010 !
#2865356214333
b11001010 #
b11111010 !
#2866022886333
b11001001 #
b11111010 !
#2866689558333
b11001000 #
b11111010 !
#2867356230333
b11000111 #
b11111010 !
#2868022902333
b11000110 #
b11111010 !
#2868689574333
b11000101 #
b11111010 !
#2869356246333
b11000100 #
b11111010 !
#2870022918333
b11000011 #
b11111010 !
#2870689590333
b11000010 #
b11111010 !
#2871356262333
b11000001 #
b11111010 !
#2872022934333
b11000000 #
b11111010 !
#2872689606333
b10111111 #
b11111010 !
#2873356278333
b10111110 #
b11111010 !
#2874022950333
b10111101 #
b11111010 !
#2874689622333
b10111100 #
b11111010 !
#2875356294333
b10111011 #
b11111010 !
#2876022966333
b10111010 #
b11111010 !
#2876689638333
b10111001 #
b11111010 !
#2877356310333
b10111000 #
b11111010 !
#2878022982333
b10110111 #
b11111010 !
#2878689654333
b10110110 #
b11111010 !
#2879356326333
b10110101 #
b11111010 !
#2880022998333
b10110100 #
b11111010 !
#2880689670333
b10110011 #
b11111010 !
#2881356342333
b10110010 #
b11111010 !
#2882023014333
b10110001 #
b11111010 !
#2882689686333
b10110000 #
b11111010 !
#2883356358333
b10101111 #
b11111010 !
#2884023030333
b10101110 #
b11111010 !
#2884689702333
b10101101 #
b11111010 !
#2885356374333
b10101100 #
b11111010 !
#2886023046333
b10101011 #
b11111010 !
#2886689718333
b10101010 #
b11111010 !
#2887356390333
b10101001 #
b11111010 !
#2888023062333
b10101000 #
b11111010 !
#2888689734333
b10100111 #
b11111010 !
#2889356406333
b10100110 #
b11111010 !
#2890023078333
b10100101 #
b11111010 !
#2890689750333
b10100100 #
b11111010 !
#2891356422333
b10100011 #
b11111010 !
#2892023094333
b10100010 #
b11111010 !
#2892689766333
b10100001 #
b11111010 !
#2893356438333
b10100000 #
b11111010 !
#2894023110333
b10011111 #
b11111010 !
#2894689782333
b10011110 #
b11111010 !
#2895356454333
b10011101 #
b11111010 !
#2896023126333
b10011100 #
b11111010 !
#2896689798333
b10011011 #
b11111010 !
#2897356470333
b10011010 #
b11111010 !
#2898023142333
b10011001 #
b11111010 !
#2898689814333
b10011000 #
b11111010 !
#2899356486333
b10010111 #
b11111010 !
#2900023158333
b10010110 #
b11111010 !
#2900689830333
b10010101 #
b11111010 !
#2901356502333
b10010100 #
b11111010 !
#2902023174333
b10010011 #
b11111010 !
#2902689846333
b10010010 #
b11111010 !
#2903356518333
b10010001 #
b11111010 !
#2904023190333
b10010000 #
b11111010 !
#2904689862333
b10001111 #
b11111010 !
#2905356534333
b10001110 #
b11111010 !
#2906023206333
b10001101 #
b11111010 !
#2906689878333
b10001100 #
b11111010 !
#2907356550333
b10001011 #
b11111010 !
#2908023222333
b10001010 #
b11111010 !
#2908689894333
b10001001 #
b11111010 !
#2909356566333
b10001000 #
b11111010 !
#2910023238333
b10000111 #
b11111010 !
#2910689910333
b10000110 #
b11111010 !
#2911356582333
b10000101 #
b11111010 !
#2912023254333
b10000100 #
b11111010 !
#2912689926333
b10000011 #
b11111010 !
#2913356598333
b10000010 #
b11111010 !
#2914023270333
b10000001 #
b11111010 !
#2914689942333
b10000000 #
b11111010 !
#2915356614333
b1111111 #
b11111010 !
#2916023286333
b1111110 #
b11111010 !
#2916689958333
b1111101 #
b11111010 !
#2917356630333
b1111100 #
b11111010 !
#2918023302333
b1111011 #
b11111010 !
#2918689974333
b1111010 #
b11111010 !
#2919356646333
b1111001 #
b11111010 !
#2920023318333
b1111000 #
b11111010 !
#2920689990333
b1110111 #
b11111010 !
#2921356662333
b1110110 #
b11111010 !
#2922023334333
b1110101 #
b11111010 !
#2922690006333
b1110100 #
b11111010 !
#2923356678333
b1110011 #
b11111010 !
#2924023350333
b1110010 #
b11111010 !
#2924690022333
b1110001 #
b11111010 !
#2925356694333
b1110000 #
b11111010 !
#2926023366333
b1101111 #
b11111010 !
#2926690038333
b1101110 #
b11111010 !
#2927356710333
b1101101 #
b11111010 !
#2928023382333
b1101100 #
b11111010 !
#2928690054333
b1101011 #
b11111010 !
#2929356726333
b1101010 #
b11111010 !
#2930023398333
b1101001 #
b11111010 !
#2930690070333
b1101000 #
b11111010 !
#2931356742333
b1100111 #
b11111010 !
#2932023414333
b1100110 #
b11111010 !
#2932690086333
b1100101 #
b11111010 !
#2933356758333
b1100100 #
b11111010 !
#2934023430333
b1100011 #
b11111010 !
#2934690102333
b1100010 #
b11111010 !
#2935356774333
b1100001 #
b11111010 !
#2936023446333
b1100000 #
b11111010 !
#2936690118333
b1011111 #
b11111010 !
#2937356790333
b1011110 #
b11111010 !
#2938023462333
b1011101 #
b11111010 !
#2938690134333
b1011100 #
b11111010 !
#2939356806333
b1011011 #
b11111010 !
#2940023478333
b1011010 #
b11111010 !
#2940690150333
b1011001 #
b11111010 !
#2941356822333
b1011000 #
b11111010 !
#2942023494333
b1010111 #
b11111010 !
#2942690166333
b1010110 #
b11111010 !
#2943356838333
b1010101 #
b11111010 !
#2944023510333
b1010100 #
b11111010 !
#2944690182333
b1010011 #
b11111010 !
#2945356854333
b1010010 #
b11111010 !
#2946023526333
b1010001 #
b11111010 !
#2946690198333
b1010000 #
b11111010 !
#2947356870333
b1001111 #
b11111010 !
#2948023542333
b1001110 #
b11111010 !
#2948690214333
b1001101 #
b11111010 !
#2949356886333
b1001100 #
b11111010 !
#2950023558333
b1001011 #
b11111010 !
#2950690230333
b1001010 #
b11111010 !
#2951356902333
b1001001 #
b11111010 !
#2952023574333
b1001000 #
b11111010 !
#2952690246333
b1000111 #
b11111010 !
#2953356918333
b1000110 #
b11111010 !
#2954023590333
b1000101 #
b11111010 !
#2954690262333
b1000100 #
b11111010 !
#2955356934333
b1000011 #
b11111010 !
#2956023606333
b1000010 #
b11111010 !
#2956690278333
b1000001 #
b11111010 !
#2957356950333
b1000000 #
b11111010 !
#2958023622333
b111111 #
b11111010 !
#2958690294333
b111110 #
b11111010 !
#2959356966333
b111101 #
b11111010 !
#2960023638333
b111100 #
b11111010 !
#2960690310333
b111011 #
b11111010 !
#2961356982333
b111010 #
b11111010 !
#2962023654333
b111001 #
b11111010 !
#2962690326333
b111000 #
b11111010 !
#2963356998333
b110111 #
b11111010 !
#2964023670333
b110110 #
b11111010 !
#2964690342333
b110101 #
b11111010 !
#2965357014333
b110100 #
b11111010 !
#2966023686333
b110011 #
b11111010 !
#2966690358333
b110010 #
b11111010 !
#2967357030333
b110001 #
b11111010 !
#2968023702333
b110000 #
b11111010 !
#2968690374333
b101111 #
b11111010 !
#2969357046333
b101110 #
b11111010 !
#2970023718333
b101101 #
b11111010 !
#2970690390333
b101100 #
b11111010 !
#2971357062333
b101011 #
b11111010 !
#2972023734333
b101010 #
b11111010 !
#2972690406333
b101001 #
b11111010 !
#2973357078333
b101000 #
b11111010 !
#2974023750333
b100111 #
b11111010 !
#2974690422333
b100110 #
b11111010 !
#2975357094333
b100101 #
b11111010 !
#2976023766333
b100100 #
b11111010 !
#2976690438333
b100011 #
b11111010 !
#2977357110333
b100010 #
b11111010 !
#2978023782333
b100001 #
b11111010 !
#2978690454333
b100000 #
b11111010 !
#2979357126333
b11111 #
b11111010 !
#2980023798333
b11110 #
b11111010 !
#2980690470333
b11101 #
b11111010 !
#2981357142333
b11100 #
b11111010 !
#2982023814333
b11011 #
b11111010 !
#2982690486333
b11010 #
b11111010 !
#2983357158333
b11001 #
b11111010 !
#2984023830333
b11000 #
b11111010 !
#2984690502333
b10111 #
b11111010 !
#2985357174333
b10110 #
b11111010 !
#2986023846333
b10101 #
b11111010 !
#2986690518333
b10100 #
b11111010 !
#2987357190333
b10011 #
b11111010 !
#2988023862333
b10010 #
b11111010 !
#2988690534333
b10001 #
b11111010 !
#2989357206333
b10000 #
b11111010 !
#2990023878333
b1111 #
b11111010 !
#2990690550333
b1110 #
b11111010 !
#2991357222333
b1101 #
b11111010 !
#2992023894333
b1100 #
b11111010 !
#2992690566333
b1011 #
b11111010 !
#2993357238333
b1010 #
b11111010 !
#2994023910333
b1001 #
b11111010 !
#2994690582333
b1000 #
b11111010 !
#2995357254333
b111 #
b11111010 !
#2996023926333
b110 #
b11111010 !
#2996690598333
b101 #
b11111010 !
#2997357270333
b100 #
b11111010 !
#2998023942333
b11 #
b11111010 !
#2998690614333
b10 #
b11111010 !
#2999357286333
b1 #
b11111010 !
#3000023958333
b0 #
b11111010 !
#3000024041667
